Cites,Authors,Title,Year,Source,Publisher,ArticleURL,CitesURL,GSRank,QueryDate,Type,DOI,ISSN,CitationURL,Volume,Issue,StartPage,EndPage,ECC,CitesPerYear,CitesPerAuthor,AuthorCount,Age,Abstract,FullTextURL,RelatedURL
111,"HR Lijnen, V Christiaens, I Scroyen, G Voros…","Impaired adipose tissue development in mice with inactivation of placental growth factor function",2006,"Diabetes","Am Diabetes Assoc","https://diabetesjournals.org/diabetes/article-abstract/55/10/2698/14136","https://scholar.google.com/scholar?cites=9984254152667803508&as_sdt=2005&sciodt=0,5&hl=en",1,"2023-07-28 11:52:02","","","","",,,,,111,6.53,22,5,17,"… Blood vessel size was lower in gonadal adipose tissue of … and gonadal adipose tissue of wild-type mice fed the high-fat diet … and blood vessel size and density in adipose tissue after 15 …","https://lirias.kuleuven.be/retrieve/87959","https://scholar.google.com/scholar?q=related:dK_7xEAyj4oJ:scholar.google.com/&scioq=%22vessel+size%22+%22density%22+%22mice%22+%22high+fat+diet%22+%22gonadal%22+%22adipose+tissue%22&hl=en&as_sdt=0,5&as_ylo=1950&as_yhi=2023"
64,"HR Lijnen, L Frederix, B Van Hoef","Fumagillin reduces adipose tissue formation in murine models of nutritionally induced obesity",2010,"Obesity","Wiley Online Library","https://onlinelibrary.wiley.com/doi/abs/10.1038/oby.2009.503","https://scholar.google.com/scholar?cites=3772391433047071490&as_sdt=2005&sciodt=0,5&hl=en",2,"2023-07-28 11:52:02","","10.1038/oby.2009.503","","",,,,,64,4.92,21,3,13,"… fed a high-fat diet (HFD) (20.1 kJ/g), and control mice (group 2) … and gonadal (c and d) adipose tissue sections of mice treated … blood vessel size/density in developing adipose tissue has …","https://onlinelibrary.wiley.com/doi/pdf/10.1038/oby.2009.503","https://scholar.google.com/scholar?q=related:Alt_eAU6WjQJ:scholar.google.com/&scioq=%22vessel+size%22+%22density%22+%22mice%22+%22high+fat+diet%22+%22gonadal%22+%22adipose+tissue%22&hl=en&as_sdt=0,5&as_ylo=1950&as_yhi=2023"
79,"E Maquoi, D Demeulemeester, G Vörös…","Enhanced nutritionally induced adipose tissue development in mice with stromelysin-1 gene inactivation",2003,"Thrombosis and …","thieme-connect.com","https://www.thieme-connect.com/products/ejournals/html/10.1055/s-0037-1613586","https://scholar.google.com/scholar?cites=13188344484266681739&as_sdt=2005&sciodt=0,5&hl=en",3,"2023-07-28 11:52:02","","10.1055/s-0037-1613586","","",,,,,79,3.95,20,4,20,"… In gonadal adipose tissue, MMP-3 is mainly expressed in the … were kept on a high fat diet (HFD) for 15 weeks. MMP-3-/- … the vessel size between both genotypes, but the vessel density …","https://www.thieme-connect.com/products/ejournals/pdf/10.1055/s-0037-1613586.pdf","https://scholar.google.com/scholar?q=related:i6UyAG9pBrcJ:scholar.google.com/&scioq=%22vessel+size%22+%22density%22+%22mice%22+%22high+fat+diet%22+%22gonadal%22+%22adipose+tissue%22&hl=en&as_sdt=0,5&as_ylo=1950&as_yhi=2023"
93,"HR Lijnen, D Demeulemeester…","Deficiency of tissue inhibitor of matrix metalloproteinase-1 (TIMP-1) impairs nutritionally induced obesity in mice",2003,"Thrombosis and …","thieme-connect.com","https://www.thieme-connect.com/products/ejournals/html/10.1055/s-0037-1613439","https://scholar.google.com/scholar?cites=11657382609986399474&as_sdt=2005&sciodt=0,5&hl=en",4,"2023-07-28 11:52:02","","10.1055/s-0037-1613439","","",,,,,93,4.65,31,3,20,"… blood vessel density, larger stained area and vessel size in … expressed in gonadal and subcutaneous adipose tissue. Striking … to mice on high fat diet resulted in impaired adipose tissue …","https://www.thieme-connect.com/products/ejournals/pdf/10.1055/s-0037-1613439.pdf","https://scholar.google.com/scholar?q=related:8iwOZ7hXx6EJ:scholar.google.com/&scioq=%22vessel+size%22+%22density%22+%22mice%22+%22high+fat+diet%22+%22gonadal%22+%22adipose+tissue%22&hl=en&as_sdt=0,5&as_ylo=1950&as_yhi=2023"
11,"HR Lijnen, B Van Hoef, HR Lu…","Rofecoxib impairs adipose tissue development in a murine model of nutritionally induced obesity",2008,"Thrombosis and …","thieme-connect.com","https://www.thieme-connect.com/products/ejournals/html/10.1160/TH08-02-0114","https://scholar.google.com/scholar?cites=10003221121316207613&as_sdt=2005&sciodt=0,5&hl=en",5,"2023-07-28 11:52:02","","10.1160/TH08-02-0114","","",,,,,11,0.73,3,4,15,"… In the gonadal but not in the subcutaneous adipose tissue, … Blood vessel size or density in either fat pad were not affected … to mice on high-fat diet resulted in reduced adipose tissue …","https://www.thieme-connect.com/products/ejournals/pdf/10.1160/TH08-02-0114.pdf","https://scholar.google.com/scholar?q=related:_bu8SZyU0ooJ:scholar.google.com/&scioq=%22vessel+size%22+%22density%22+%22mice%22+%22high+fat+diet%22+%22gonadal%22+%22adipose+tissue%22&hl=en&as_sdt=0,5&as_ylo=1950&as_yhi=2023"
23,"M Van Hul, L Frederix, HR Lijnen","Role of thrombospondin‐2 in murine adipose tissue angiogenesis and development",2012,"Obesity","Wiley Online Library","https://onlinelibrary.wiley.com/doi/abs/10.1038/oby.2011.260","https://scholar.google.com/scholar?cites=7762658375488730570&as_sdt=2005&sciodt=0,5&hl=en",6,"2023-07-28 11:52:02","","10.1038/oby.2011.260","","",,,,,23,2.09,8,3,11,"… diet (SFD)) or on high fat diet (HFD) for 15 weeks. TSP-2 −/− … is upregulated in gonadal adipose tissue of C57Bl/6 mice with … Analysis of adipocyte and blood vessel size and density in …","https://onlinelibrary.wiley.com/doi/pdfdirect/10.1038/oby.2011.260","https://scholar.google.com/scholar?q=related:ynW3B6qAumsJ:scholar.google.com/&scioq=%22vessel+size%22+%22density%22+%22mice%22+%22high+fat+diet%22+%22gonadal%22+%22adipose+tissue%22&hl=en&as_sdt=0,5&as_ylo=1950&as_yhi=2023"
13,"I Scroyen, F Jacobs, L Cosemans, B De Geest…","Blood Vessel Density in De Novo Formed Adipose Tissue Is Decreased Upon Overexpression of TIMP‐1",2010,"…","Wiley Online Library","https://onlinelibrary.wiley.com/doi/abs/10.1038/oby.2009.279","https://scholar.google.com/scholar?cites=18212448843076667300&as_sdt=2005&sciodt=0,5&hl=en",7,"2023-07-28 11:52:02","","10.1038/oby.2009.279","","",,,,,13,1.00,3,5,13,"… 1-deficient mice kept on a high-fat diet developed less adipose tissue … (SC) or gonadal (GON) adipose tissue mass (12). … blood vessel size and density in adipose tissues of mice kept on …","https://onlinelibrary.wiley.com/doi/pdf/10.1038/oby.2009.279","https://scholar.google.com/scholar?q=related:pAePpbqdv_wJ:scholar.google.com/&scioq=%22vessel+size%22+%22density%22+%22mice%22+%22high+fat+diet%22+%22gonadal%22+%22adipose+tissue%22&hl=en&as_sdt=0,5&as_ylo=1950&as_yhi=2023"
16,"M Van Hul, D Bauters, U Himmelreich…","Effect of gelatinase inhibition on adipogenesis and adipose tissue development",2012,"Clinical and …","Wiley Online Library","https://onlinelibrary.wiley.com/doi/abs/10.1111/j.1440-1681.2011.05635.x","https://scholar.google.com/scholar?cites=11563611864579761057&as_sdt=2005&sciodt=0,5&hl=en",8,"2023-07-28 11:52:02","","10.1111/j.1440-1681.2011.05635.x","","",,,,,16,1.45,4,4,11,"… blood vessel size were significantly reduced in the gonadal fat. … Furthermore, TIMP-1-deficient mice on a high-fat diet gain … blood vessel size and density in adipose tissue of young mice …","https://onlinelibrary.wiley.com/doi/pdfdirect/10.1111/j.1440-1681.2011.05635.x","https://scholar.google.com/scholar?q=related:oePEZLkzeqAJ:scholar.google.com/&scioq=%22vessel+size%22+%22density%22+%22mice%22+%22high+fat+diet%22+%22gonadal%22+%22adipose+tissue%22&hl=en&as_sdt=0,5&as_ylo=1950&as_yhi=2023"
32,"M Van Hul, HR Lijnen","Matrix metalloproteinase inhibition impairs murine adipose tissue development independently of leptin",2011,"Endocrine Journal","jstage.jst.go.jp","https://www.jstage.jst.go.jp/article/endocrj/58/2/58_K10E-267/_article/-char/ja/","https://scholar.google.com/scholar?cites=11732248117092651699&as_sdt=2005&sciodt=0,5&hl=en",9,"2023-07-28 11:52:02","","","","",,,,,32,2.67,16,2,12,"… vessel size and density in adipose tissue of ob/ob mice … We have chosen to keep these mice on a high fat diet in order to … ) and gonadal (GON) adipose tissues of ob/ob mice kept on a …","https://www.jstage.jst.go.jp/article/endocrj/58/2/58_K10E-267/_pdf","https://scholar.google.com/scholar?q=related:s5INnIBR0aIJ:scholar.google.com/&scioq=%22vessel+size%22+%22density%22+%22mice%22+%22high+fat+diet%22+%22gonadal%22+%22adipose+tissue%22&hl=en&as_sdt=0,5&as_ylo=1950&as_yhi=2023"
10,"L Geys, I Scroyen, E Roose, K Vanhoorelbeke…","ADAMTS13 deficiency in mice does not affect adipose tissue development",2015,"… et Biophysica Acta (BBA …","Elsevier","https://www.sciencedirect.com/science/article/pii/S0304416515000884","https://scholar.google.com/scholar?cites=6670550328849225268&as_sdt=2005&sciodt=0,5&hl=en",10,"2023-07-28 11:52:02","HTML","","","",,,,,10,1.25,2,5,8,"… or gonadal (GN) adipose tissue mass, or on adipocyte size. In GN fat of obese (HFD) Adamts13 −/− mice, adipocyte density was higher and blood vessel density … vessel size or density in …","https://www.sciencedirect.com/science/article/pii/S0304416515000884","https://scholar.google.com/scholar?q=related:NFZsly6OklwJ:scholar.google.com/&scioq=%22vessel+size%22+%22density%22+%22mice%22+%22high+fat+diet%22+%22gonadal%22+%22adipose+tissue%22&hl=en&as_sdt=0,5&as_ylo=1950&as_yhi=2023"
19,"HR Lijnen, B Van Hoef, JA Rodriguez…","Stromelysin-2 (MMP-10) deficiency does not affect adipose tissue formation in a mouse model of nutritionally induced obesity",2009,"… and biophysical research …","Elsevier","https://www.sciencedirect.com/science/article/pii/S0006291X09017756","https://scholar.google.com/scholar?cites=17707087705634747130&as_sdt=2005&sciodt=0,5&hl=en",11,"2023-07-28 11:52:02","HTML","","","",,,,,19,1.36,5,4,14,"… (SC) or gonadal (GON) adipose tissue mass of mice kept on a high fat diet for 15 weeks. … apparently did not affect blood vessel size or density in this study. Whereas MMP-3 deficient …","https://www.sciencedirect.com/science/article/pii/S0006291X09017756","https://scholar.google.com/scholar?q=related:-rILvXM2vPUJ:scholar.google.com/&scioq=%22vessel+size%22+%22density%22+%22mice%22+%22high+fat+diet%22+%22gonadal%22+%22adipose+tissue%22&hl=en&as_sdt=0,5&as_ylo=1950&as_yhi=2023"
30,"HR Lijnen, L Frederix, I Scroyen","Deficiency of plasminogen activator inhibitor‐2 impairs nutritionally induced murine adipose tissue development",2007,"Journal of thrombosis and haemostasis","Elsevier","https://www.sciencedirect.com/science/article/pii/S1538783622081065","https://scholar.google.com/scholar?cites=14318861174853038518&as_sdt=2005&sciodt=0,5&hl=en",12,"2023-07-28 11:52:02","HTML","","","",,,,,30,1.88,10,3,16,"… Thus, on a high fat diet (HFD) plasminogen‐deficient mice … mRNA levels in RNA pools of sc or gonadal adipose tissue were … vessel size and density in adipose tissues of mice kept on a …","https://www.sciencedirect.com/science/article/pii/S1538783622081065","https://scholar.google.com/scholar?q=related:tnE_u1_QtsYJ:scholar.google.com/&scioq=%22vessel+size%22+%22density%22+%22mice%22+%22high+fat+diet%22+%22gonadal%22+%22adipose+tissue%22&hl=en&as_sdt=0,5&as_ylo=1950&as_yhi=2023"
91,"M Van Hul, HR Lijnen","A functional role of gelatinase A in the development of nutritionally induced obesity in mice",2008,"Journal of Thrombosis and Haemostasis","Elsevier","https://www.sciencedirect.com/science/article/pii/S1538783622119100","https://scholar.google.com/scholar?cites=11252243159291573445&as_sdt=2005&sciodt=0,5&hl=en",13,"2023-07-28 11:52:02","HTML","","","",,,,,91,6.07,46,2,15,"… ) and significantly lower subcutaneous and gonadal adipose tissue mass, associated with … blood vessel size and density in adipose tissue of mice kept on a high‐fat diet for 15 weeks …","https://www.sciencedirect.com/science/article/pii/S1538783622119100","https://scholar.google.com/scholar?q=related:xbTkU4n_J5wJ:scholar.google.com/&scioq=%22vessel+size%22+%22density%22+%22mice%22+%22high+fat+diet%22+%22gonadal%22+%22adipose+tissue%22&hl=en&as_sdt=0,5&as_ylo=1950&as_yhi=2023"
34,"B Hemmeryckx, U Himmelreich, MF Hoylaerts…","Impact of Clock Gene Bmal1 Deficiency on Nutritionally Induced Obesity in Mice",2011,"…","Wiley Online Library","https://onlinelibrary.wiley.com/doi/abs/10.1038/oby.2010.266","https://scholar.google.com/scholar?cites=17942830490821671007&as_sdt=2005&sciodt=0,5&hl=en",14,"2023-07-28 11:52:02","","10.1038/oby.2010.266","","",,,,,34,2.83,9,4,12,"… +/+ ) were kept on a high-fat diet (HFD) for 15 weeks. Despite … adipocyte and blood vessel size and density were similar for … deficiency in mice on adipose tissue development when kept …","https://onlinelibrary.wiley.com/doi/pdf/10.1038/oby.2010.266","https://scholar.google.com/scholar?q=related:Xzh5JkS9AfkJ:scholar.google.com/&scioq=%22vessel+size%22+%22density%22+%22mice%22+%22high+fat+diet%22+%22gonadal%22+%22adipose+tissue%22&hl=en&as_sdt=0,5&as_ylo=1950&as_yhi=2023"
279,"G Voros, E Maquoi, D Demeulemeester, N Clerx…","Modulation of angiogenesis during adipose tissue development in murine models of obesity",2005,"…","academic.oup.com","https://academic.oup.com/endo/article-abstract/146/10/4545/2500303","https://scholar.google.com/scholar?cites=12916859468509281562&as_sdt=2005&sciodt=0,5&hl=en",15,"2023-07-28 11:52:02","","","","",,,,,279,15.50,56,5,18,"… Subcutaneous (SC) and gonadal (GON) fat pads were … Ob/ob mice and C57Bl/6 mice on high-fat diet had significantly … in the adipose tissue sections showed a smaller vessel size and …","https://academic.oup.com/endo/article/146/10/4545/2500303","https://scholar.google.com/scholar?q=related:Gv0iCkDnQbMJ:scholar.google.com/&scioq=%22vessel+size%22+%22density%22+%22mice%22+%22high+fat+diet%22+%22gonadal%22+%22adipose+tissue%22&hl=en&as_sdt=0,5&as_ylo=1950&as_yhi=2023"
15,"HR Lijnen, B Van Hoef, D Kemp, D Collen","Inhibition of vascular endothelial growth factor receptor tyrosine kinases impairs adipose tissue development in mouse models of obesity",2007,"Biochimica et Biophysica Acta …","Elsevier","https://www.sciencedirect.com/science/article/pii/S0304416507001249","https://scholar.google.com/scholar?cites=11320653594086320769&as_sdt=2005&sciodt=0,5&hl=en",16,"2023-07-28 11:52:02","HTML","","","",,,,,15,0.94,4,4,16,"… /g high fat diet, HFD) to C57Bl/6 mice resulted in a significant reduction in total body weight and of subcutaneous (SC) and gonadal (GON) adipose tissue … Blood vessel size and density …","https://www.sciencedirect.com/science/article/pii/S0304416507001249","https://scholar.google.com/scholar?q=related:garD5HYKG50J:scholar.google.com/&scioq=%22vessel+size%22+%22density%22+%22mice%22+%22high+fat+diet%22+%22gonadal%22+%22adipose+tissue%22&hl=en&as_sdt=0,5&as_ylo=1950&as_yhi=2023"
74,"D Demeulemeester, D Collen, HR Lijnen","Effect of matrix metalloproteinase inhibition on adipose tissue development",2005,"Biochemical and biophysical …","Elsevier","https://www.sciencedirect.com/science/article/pii/S0006291X05001646","https://scholar.google.com/scholar?cites=2225933769043488897&as_sdt=2005&sciodt=0,5&hl=en",17,"2023-07-28 11:52:02","HTML","","","",,,,,74,4.11,25,3,18,"… MMP inhibitor, to mice on a high fat diet resulted in significantly … In SC adipose tissue, the stained area and vessel size were … ) or gonadal (GON) adipose tissue homogenates from mice …","https://www.sciencedirect.com/science/article/pii/S0006291X05001646","https://scholar.google.com/scholar?q=related:gTBiLfga5B4J:scholar.google.com/&scioq=%22vessel+size%22+%22density%22+%22mice%22+%22high+fat+diet%22+%22gonadal%22+%22adipose+tissue%22&hl=en&as_sdt=0,5&as_ylo=1950&as_yhi=2023"
20,"D Bauters, M Van Hul, HR Lijnen","Macrophage elastase (MMP-12) in expanding murine adipose tissue",2013,"Biochimica et Biophysica Acta (BBA) …","Elsevier","https://www.sciencedirect.com/science/article/pii/S0304416512003856","https://scholar.google.com/scholar?cites=5015689877341032964&as_sdt=2005&sciodt=0,5&hl=en",18,"2023-07-28 11:52:02","HTML","","","",,,,,20,2.00,7,3,10,"… ) or gonadal (GON) adipose tissue mass. Adipocyte and blood vessel size and density in SC … on adipocyte and blood vessel size and density of mice kept on high fat diet for 15 weeks. …","https://www.sciencedirect.com/science/article/pii/S0304416512003856","https://scholar.google.com/scholar?q=related:BFJvgl5Pm0UJ:scholar.google.com/&scioq=%22vessel+size%22+%22density%22+%22mice%22+%22high+fat+diet%22+%22gonadal%22+%22adipose+tissue%22&hl=en&as_sdt=0,5&as_ylo=1950&as_yhi=2023"
37,"HR Lijnen, V Christiaens","Growth arrest-specific protein 6 receptor antagonism impairs adipocyte differentiation and adipose tissue development in mice",2011,"Journal of Pharmacology and Experimental …","ASPET","https://jpet.aspetjournals.org/content/337/2/457.short","https://scholar.google.com/scholar?cites=2123963736226038332&as_sdt=2005&sciodt=0,5&hl=en",19,"2023-07-28 11:52:02","","","","",,,,,37,3.08,19,2,12,"… to mice kept on a high-fat diet resulted in significantly reduced weight gain and subcutaneous and gonadal … In our study, GAS6 receptor antagonism had no effect on blood vessel size in …","https://jpet.aspetjournals.org/content/337/2/457.full","https://scholar.google.com/scholar?q=related:PIKQzcPVeR0J:scholar.google.com/&scioq=%22vessel+size%22+%22density%22+%22mice%22+%22high+fat+diet%22+%22gonadal%22+%22adipose+tissue%22&hl=en&as_sdt=0,5&as_ylo=1950&as_yhi=2023"
22,"G Voros, HR Lijnen","Deficiency of thrombospondin‐1 in mice does not affect adipose tissue development",2006,"Journal of Thrombosis and Haemostasis","jthjournal.org","https://www.jthjournal.org/article/S1538-7836(22)11043-3/abstract","https://scholar.google.com/scholar?cites=10087208069484631737&as_sdt=2005&sciodt=0,5&hl=en",20,"2023-07-28 11:52:02","","","","",,,,,22,1.29,11,2,17,"… The weights of the isolated subcutaneous (sc) and gonadal (… size or density, nor in blood vessel size or density (not shown). … of obesity when fed a high-fat diet. It cannot be excluded that …","https://www.jthjournal.org/article/S1538-7836(22)11043-3/pdf","https://scholar.google.com/scholar?q=related:udYVfUv2_IsJ:scholar.google.com/&scioq=%22vessel+size%22+%22density%22+%22mice%22+%22high+fat+diet%22+%22gonadal%22+%22adipose+tissue%22&hl=en&as_sdt=0,5&as_ylo=1950&as_yhi=2023"
11,"M Van Hul, F Lupu, T Dresselaers…","Matrix metalloproteinase inhibition affects adipose tissue mass in obese mice",2012,"Clinical and …","Wiley Online Library","https://onlinelibrary.wiley.com/doi/abs/10.1111/j.1440-1681.2012.05714.x","https://scholar.google.com/scholar?cites=10849025304990943015&as_sdt=2005&sciodt=0,5&hl=en",21,"2023-07-28 11:52:02","","10.1111/j.1440-1681.2012.05714.x","","",,,,,11,1.00,3,4,11,"… on adipocyte and blood vessel size and density in adipose tissue of obese mice kept on a … (SC) and gonadal (GON) adipose tissue in obese mice kept on a high-fat diet with or without …","https://onlinelibrary.wiley.com/doi/pdf/10.1111/j.1440-1681.2012.05714.x","https://scholar.google.com/scholar?q=related:J4c1xwh7j5YJ:scholar.google.com/&scioq=%22vessel+size%22+%22density%22+%22mice%22+%22high+fat+diet%22+%22gonadal%22+%22adipose+tissue%22&hl=en&as_sdt=0,5&as_ylo=1950&as_yhi=2023"
80,"HR Lijnen, MC Alessi, B Van Hoef, D Collen…","On the role of plasminogen activator inhibitor‐1 in adipose tissue development and insulin resistance in mice",2005,"Journal of Thrombosis …","Elsevier","https://www.sciencedirect.com/science/article/pii/S1538783622160472","https://scholar.google.com/scholar?cites=16376009704613283224&as_sdt=2005&sciodt=0,5&hl=en",22,"2023-07-28 11:52:02","HTML","","","",,,,,80,4.44,16,5,18,"… of the isolated sc and gonadal fat territories or their adipocyte … PAI‐1 deficient mice kept on a high fat diet develop between 3 … blood vessel size was larger only in the sc adipose tissue (…","https://www.sciencedirect.com/science/article/pii/S1538783622160472","https://scholar.google.com/scholar?q=related:mAXTARBGQ-MJ:scholar.google.com/&scioq=%22vessel+size%22+%22density%22+%22mice%22+%22high+fat+diet%22+%22gonadal%22+%22adipose+tissue%22&hl=en&as_sdt=0,5&as_ylo=1950&as_yhi=2023"
31,"M Van Hul, H Piccard, HR Lijnen","Gelatinase B (MMP-9) deficiency does not affect murine adipose tissue development",2010,"Thrombosis and …","thieme-connect.com","https://www.thieme-connect.com/products/ejournals/abstract/10.1160/TH09-10-0739","https://scholar.google.com/scholar?cites=1498007913368214269&as_sdt=2005&sciodt=0,5&hl=en",23,"2023-07-28 11:52:02","","10.1160/TH09-10-0739","","",,,,,31,2.38,10,3,13,"… ) were kept on a high-fat diet (HFD) for 15 weeks. Subcutaneous and gonadal fat pads were … adipocyte size, adipocyte density, blood vessel size and blood vessel density (Table 2). Meta…","https://www.thieme-connect.com/products/ejournals/pdf/10.1160/TH09-10-0739.pdf","https://scholar.google.com/scholar?q=related:_VoJq0L-yRQJ:scholar.google.com/&scioq=%22vessel+size%22+%22density%22+%22mice%22+%22high+fat+diet%22+%22gonadal%22+%22adipose+tissue%22&hl=en&as_sdt=0,5&as_ylo=1950&as_yhi=2023"
12,"HR Lijnen, L Frederix, B Van Hoef…","Deficiency of vascular endothelial growth factor-D does not affect murine adipose tissue development",2009,"… and biophysical research …","Elsevier","https://www.sciencedirect.com/science/article/pii/S0006291X08022225","https://scholar.google.com/scholar?cites=6759533983833290015&as_sdt=2005&sciodt=0,5&hl=en",24,"2023-07-28 11:52:02","HTML","","","",,,,,12,0.86,3,4,14,"… or gonadal (GON) adipose tissue mass of mice kept on a standard fat (SFD) or a high fat diet (… adipocyte and blood vessel size and density in adipose tissue of mice kept on SFD or HFD. …","https://www.sciencedirect.com/science/article/pii/S0006291X08022225","https://scholar.google.com/scholar?q=related:H3WQQViwzl0J:scholar.google.com/&scioq=%22vessel+size%22+%22density%22+%22mice%22+%22high+fat+diet%22+%22gonadal%22+%22adipose+tissue%22&hl=en&as_sdt=0,5&as_ylo=1950&as_yhi=2023"
35,"HR Lijnen, M Van Hul, B Hemmeryckx","Caloric restriction improves coagulation and inflammation profile in obese mice",2012,"Thrombosis research","Elsevier","https://www.sciencedirect.com/science/article/pii/S0049384811002854","https://scholar.google.com/scholar?cites=5300786027447460865&as_sdt=2005&sciodt=0,5&hl=en",25,"2023-07-28 11:52:02","HTML","","","",,,,,35,3.18,12,3,11,"… a high fat diet to restricted normal chow. After 6 weeks, total body weights as well as subcutaneous and gonadal adipose tissue … Blood vessel size in SC or GON fat was not …","https://www.sciencedirect.com/science/article/pii/S0049384811002854","https://scholar.google.com/scholar?q=related:ASRcpM4skEkJ:scholar.google.com/&scioq=%22vessel+size%22+%22density%22+%22mice%22+%22high+fat+diet%22+%22gonadal%22+%22adipose+tissue%22&hl=en&as_sdt=0,5&as_ylo=1950&as_yhi=2023"
40,"RH Lijnen","Effect of plasminogen activator inhibitor-1 deficiency on nutritionally-induced obesity in mice",2005,"Thrombosis and haemostasis","thieme-connect.com","https://www.thieme-connect.com/products/ejournals/html/10.1160/TH05-01-0043","https://scholar.google.com/scholar?cites=13117030195052681481&as_sdt=2005&sciodt=0,5&hl=en",26,"2023-07-28 11:52:02","","10.1160/TH05-01-0043","","",,,,,40,2.22,40,1,18,"… In contrast, the gonadal (GON, 1,900 ± 43 versus … mice on high fat diet did not reveal an effect of PAI-1 deficiency on body weight, and a differential effect on SC and GON adipose tissue. …","https://www.thieme-connect.com/products/ejournals/pdf/10.1160/TH05-01-0043.pdf","https://scholar.google.com/scholar?q=related:CRkwJHcNCbYJ:scholar.google.com/&scioq=%22vessel+size%22+%22density%22+%22mice%22+%22high+fat+diet%22+%22gonadal%22+%22adipose+tissue%22&hl=en&as_sdt=0,5&as_ylo=1950&as_yhi=2023"
3,"I Scroyen, C Vranckx, HR Lijnen","FGF receptor antagonism does not affect adipose tissue development in nutritionally induced obesity",2014,"Adipocyte","Taylor &Francis","https://www.tandfonline.com/doi/abs/10.4161/adip.27233","https://scholar.google.com/scholar?cites=6789772105440006395&as_sdt=2005&sciodt=0,5&hl=en",27,"2023-07-28 11:52:02","","10.4161/adip.27233","","",,,,,3,0.33,1,3,9,"… in adipose tissue of mice kept on high fat diet. (A) Expression of P-ERK and ERK in subcutaneous (SC) and gonadal (GON) adipose tissue of mice … or blood vessel size and density was …","https://www.tandfonline.com/doi/pdf/10.4161/adip.27233","https://scholar.google.com/scholar?q=related:-5CbksEdOl4J:scholar.google.com/&scioq=%22vessel+size%22+%22density%22+%22mice%22+%22high+fat+diet%22+%22gonadal%22+%22adipose+tissue%22&hl=en&as_sdt=0,5&as_ylo=1950&as_yhi=2023"
13,"M Van Hul, D Bauters, RH Lijnen","Differential effects of a gelatinase inhibitor on adipocyte differentiation and adipose tissue development",2013,"Clinical and Experimental …","Wiley Online Library","https://onlinelibrary.wiley.com/doi/abs/10.1111/1440-1681.12154","https://scholar.google.com/scholar?cites=4719292556215591821&as_sdt=2005&sciodt=0,5&hl=en",28,"2023-07-28 11:52:02","","10.1111/1440-1681.12154","","",,,,,13,1.30,4,3,10,"… )-1-deficient mice fed a high-fat diet gain less weight than … vessel size in sc and GON fat depots of tolylsam-treated mice… (MCAD) in subcutaneous (a,c,e) and gonadal (b,d,f) fat tissues of …","https://onlinelibrary.wiley.com/doi/pdf/10.1111/1440-1681.12154","https://scholar.google.com/scholar?q=related:jSNgdJNLfkEJ:scholar.google.com/&scioq=%22vessel+size%22+%22density%22+%22mice%22+%22high+fat+diet%22+%22gonadal%22+%22adipose+tissue%22&hl=en&as_sdt=0,5&as_ylo=1950&as_yhi=2023"
17,"D Bauters, I Scroyen, R Deprez-Poulain…","ADAMTS5 promotes murine adipogenesis and visceral adipose tissue expansion",2016,"Thrombosis and …","thieme-connect.com","https://www.thieme-connect.com/products/ejournals/abstract/10.1160/TH16-01-0015","https://scholar.google.com/scholar?cites=7139924417862361657&as_sdt=2005&sciodt=0,5&hl=en",29,"2023-07-28 11:52:02","","10.1160/TH16-01-0015","","",,,,,17,2.43,4,4,7,"… to the gonadal/visceral, and not subcutaneous, adipose tissue depot … did not affect adipose tissue blood vessel size, but was … of rat adipose tissue at the onset of high-fat-diet obesity. Am …","https://www.thieme-connect.com/products/ejournals/pdf/10.1160/TH16-01-0015.pdf","https://scholar.google.com/scholar?q=related:OeLS2W0bFmMJ:scholar.google.com/&scioq=%22vessel+size%22+%22density%22+%22mice%22+%22high+fat+diet%22+%22gonadal%22+%22adipose+tissue%22&hl=en&as_sdt=0,5&as_ylo=1950&as_yhi=2023"
0,"HR Lijnen","Saquinavir does not affect adipose tissue development or metabolic parameters in mice on high fat diet",2006,"Thrombosis research","thrombosisresearch.com","https://www.thrombosisresearch.com/article/S0049-3848(05)00419-6/abstract","",30,"2023-07-28 11:52:02","","","","",,,,,0,0.00,0,1,17,"… weeks, were kept on a high fat diet (TD88137, Harlan Tekland… isolated subcutaneous (SC) and gonadal (GON) fat pads were … as blood vessel density and mean vessel size, determined …","","https://scholar.google.com/scholar?q=related:bBgT9c-NK7MJ:scholar.google.com/&scioq=%22vessel+size%22+%22density%22+%22mice%22+%22high+fat+diet%22+%22gonadal%22+%22adipose+tissue%22&hl=en&as_sdt=0,5&as_ylo=1950&as_yhi=2023"
0,"HR Lijnen, V Christiaens…","CD36 promotes adipocyte differentiation and adipogenesis",2012,"… Date: 2012/07/27-2012/07 …","cardiologyonline.com","http://www.cardiologyonline.com/wchd12/Abstracts/S21_22/1029%20Lijnen.docx","",31,"2023-07-28 11:52:02","","","","",,,,,0,0.00,0,3,11,"… subcutaneous and gonadal adipose tissue mass were significantly lower in CD36 deficient … or blood vessel size or density. On the high fat diet, CD36 deficient mice had higher levels of …","","https://scholar.google.com/scholar?q=related:paAhSBU5mQ8J:scholar.google.com/&scioq=%22vessel+size%22+%22density%22+%22mice%22+%22high+fat+diet%22+%22gonadal%22+%22adipose+tissue%22&hl=en&as_sdt=0,5&as_ylo=1950&as_yhi=2023"
118,"HR Lijnen, E Maquoi, P Morange, G Voros…","Nutritionally induced obesity is attenuated in transgenic mice overexpressing plasminogen activator inhibitor-1",2003,"… , and vascular biology","Am Heart Assoc","https://www.ahajournals.org/doi/abs/10.1161/01.atv.0000044457.60665.dd","https://scholar.google.com/scholar?cites=10056546120881642200&as_sdt=2005&sciodt=0,5&hl=en",32,"2023-07-28 11:52:02","","10.1161/01.atv.0000044457.60665.dd","","",,,,,118,5.90,24,5,20,"… -1–deficient mice kept on a high fat diet developed more rapidly adipose tissue than their … somewhat higher average vessel size but lower density in adipose tissue of WT mice on HFD. …","https://www.ahajournals.org/doi/full/10.1161/01.atv.0000044457.60665.dd","https://scholar.google.com/scholar?q=related:2Jp7QmoHkIsJ:scholar.google.com/&scioq=%22vessel+size%22+%22density%22+%22mice%22+%22high+fat+diet%22+%22gonadal%22+%22adipose+tissue%22&hl=en&as_sdt=0,5&as_ylo=1950&as_yhi=2023"
105,"V Christiaens, M Van Hul, HR Lijnen…","CD36 promotes adipocyte differentiation and adipogenesis",2012,"Biochimica et Biophysica …","Elsevier","https://www.sciencedirect.com/science/article/pii/S0304416512000943","https://scholar.google.com/scholar?cites=14393125435131985878&as_sdt=2005&sciodt=0,5&hl=en",33,"2023-07-28 11:52:02","HTML","","","",,,,,105,9.55,26,4,11,"… as well as subcutaneous and gonadal adipose tissue mass were … Blood vessel size and density were not significantly different … fat pads of NUDE mice kept on high fat diet for 4 weeks. …","https://www.sciencedirect.com/science/article/pii/S0304416512000943","https://scholar.google.com/scholar?q=related:1n-uQFOnvscJ:scholar.google.com/&scioq=%22vessel+size%22+%22density%22+%22mice%22+%22high+fat+diet%22+%22gonadal%22+%22adipose+tissue%22&hl=en&as_sdt=0,5&as_ylo=1950&as_yhi=2023"
24,"G Voros, E Maquoi, D Collen, HR Lijnen","Influence of membrane‐bound tumor necrosis factor (TNF)‐α on obesity and glucose metabolism",2004,"Journal of Thrombosis and …","Elsevier","https://www.sciencedirect.com/science/article/pii/S1538783622178712","https://scholar.google.com/scholar?cites=531264700041904885&as_sdt=2005&sciodt=0,5&hl=en",34,"2023-07-28 11:52:02","HTML","","","",,,,,24,1.26,6,4,19,"… , as well as subcutaneous and gonadal adipose tissue mass. … adipose tissue mass in mice after 15 weeks of high‐fat diet … larger in SC adipose tissue and the vessel density was larger …","https://www.sciencedirect.com/science/article/pii/S1538783622178712","https://scholar.google.com/scholar?q=related:9cKzD25uXwcJ:scholar.google.com/&scioq=%22vessel+size%22+%22density%22+%22mice%22+%22high+fat+diet%22+%22gonadal%22+%22adipose+tissue%22&hl=en&as_sdt=0,5&as_ylo=1950&as_yhi=2023"
26,"D Demeulemeester, I Scroyen, G Voros…","Overexpression of tissue inhibitor of matrix metalloproteinases-1 (TIMP-1) in mice does not affect adipogenesis or adipose tissue development",2006,"Thrombosis and …","thieme-connect.com","https://www.thieme-connect.com/products/ejournals/abstract/10.1160/TH05-11-0742","https://scholar.google.com/scholar?cites=15172698162320200813&as_sdt=2005&sciodt=0,5&hl=en",35,"2023-07-28 11:52:02","","10.1160/TH05-11-0742","","",,,,,26,1.53,7,4,17,"… Mice overexpressing hTIMP-1 and kept on a high fat diet for … Table 3: Blood vessel and adipocyte size and density … -1 in mice kept on HFD resulted in reduced blood vessel size without, …","https://www.thieme-connect.com/products/ejournals/pdf/10.1160/TH05-11-0742.pdf","https://scholar.google.com/scholar?q=related:bVRRGZdAkNIJ:scholar.google.com/&scioq=%22vessel+size%22+%22density%22+%22mice%22+%22high+fat+diet%22+%22gonadal%22+%22adipose+tissue%22&hl=en&as_sdt=0,5&as_ylo=1950&as_yhi=2023"
0,"HR Lijnen, D Demeulemeester…","… , Fibrinolysis and Cellular Haemostasis-Deficiency of tissue inhibitor of matrix metalloproteinase-1 (TIMP-1) impairs nutritionally induced obesity in mice",2003,"Thrombosis …","Stuttgart; New York: FK Schattauer …","","",36,"2023-07-28 11:52:02","CITATION","","","",,,,,0,0.00,0,3,20,"","","https://scholar.google.com/scholar?q=related:5ZIW0oHBS0cJ:scholar.google.com/&scioq=%22vessel+size%22+%22density%22+%22mice%22+%22high+fat+diet%22+%22gonadal%22+%22adipose+tissue%22&hl=en&as_sdt=0,5&as_ylo=1950&as_yhi=2023"
9,"V Christiaens, G Voros, I Scroyen, HR Lijnen","On the role of placental growth factor in murine adipogenesis",2007,"Thrombosis research","Elsevier","https://www.sciencedirect.com/science/article/pii/S004938480600394X","https://scholar.google.com/scholar?cites=7326944085314294874&as_sdt=2005&sciodt=0,5&hl=en",37,"2023-07-28 11:52:02","HTML","","","",,,,,9,0.56,2,4,16,"… (SC) and gonadal (GON) adipose tissues. Blood vessel size and blood vessel density, … obesity (15 weeks high fat diet) resulted in impaired adipose tissue formation, at least in part …","https://www.sciencedirect.com/science/article/pii/S004938480600394X","https://scholar.google.com/scholar?q=related:WtROZtOIrmUJ:scholar.google.com/&scioq=%22vessel+size%22+%22density%22+%22mice%22+%22high+fat+diet%22+%22gonadal%22+%22adipose+tissue%22&hl=en&as_sdt=0,5&as_ylo=1950&as_yhi=2023"
36,"HR Lijnen, MC Alessi, L Frederix…","Tiplaxtinin impairs nutritionally induced obesity in mice",2006,"Thrombosis and …","thieme-connect.com","https://www.thieme-connect.com/products/ejournals/html/10.1160/TH06-08-0422","https://scholar.google.com/scholar?cites=6699677496403631536&as_sdt=2005&sciodt=0,5&hl=en",38,"2023-07-28 11:52:02","","10.1160/TH06-08-0422","","",,,,,36,2.12,9,4,17,"… weeks 3 and 8 of the high-fat diet (HFD) (8). Transgenic … To substantiate a functional role of PAI-1 in adipose tissue … In this study, the blood vessel size in the inhibitor-treated …","https://www.thieme-connect.com/products/ejournals/pdf/10.1160/TH06-08-0422.pdf","https://scholar.google.com/scholar?q=related:sB3Rwi8J-lwJ:scholar.google.com/&scioq=%22vessel+size%22+%22density%22+%22mice%22+%22high+fat+diet%22+%22gonadal%22+%22adipose+tissue%22&hl=en&as_sdt=0,5&as_ylo=1950&as_yhi=2023"
61,"V Christiaens, I Scroyen…","Role of proteolysis in development of murine adipose tissue",2008,"Thrombosis and …","thieme-connect.com","https://www.thieme-connect.com/products/ejournals/abstract/10.1160/TH07-10-0589","https://scholar.google.com/scholar?cites=6847885981501664757&as_sdt=2005&sciodt=0,5&hl=en",39,"2023-07-28 11:52:02","","10.1160/TH07-10-0589","","",,,,,61,4.07,20,3,15,"… taneous (SC), but not in gonadal (GON) fat depots.The increase … similar blood vessel size, but a higher blood vessel density. … mice when kept on a highfat diet, but not MMP-9-deficient …","https://www.thieme-connect.com/products/ejournals/pdf/10.1160/TH07-10-0589.pdf","https://scholar.google.com/scholar?q=related:9a3IvQSUCF8J:scholar.google.com/&scioq=%22vessel+size%22+%22density%22+%22mice%22+%22high+fat+diet%22+%22gonadal%22+%22adipose+tissue%22&hl=en&as_sdt=0,5&as_ylo=1950&as_yhi=2023"
19,"B Hemmeryckx, MF Hoylaerts, HR Lijnen","Effect of premature aging on murine adipose tissue",2012,"Experimental gerontology","Elsevier","https://www.sciencedirect.com/science/article/pii/S0531556512000149","https://scholar.google.com/scholar?cites=17269517199447072443&as_sdt=2005&sciodt=0,5&hl=en",40,"2023-07-28 11:52:02","HTML","","","",,,,,19,1.73,6,3,11,"… Adipocyte and blood vessel size and density are not affected … Exposure of mice to cold or high fat diet (HFD) can trigger the … and Bmal1 deficiency on SC and gonadal (GON) fat depots …","https://www.sciencedirect.com/science/article/pii/S0531556512000149","https://scholar.google.com/scholar?q=related:u56KI2Wmqe8J:scholar.google.com/&scioq=%22vessel+size%22+%22density%22+%22mice%22+%22high+fat+diet%22+%22gonadal%22+%22adipose+tissue%22&hl=en&as_sdt=0,5&as_ylo=1950&as_yhi=2023"
3,"F Semeraro, G Voros, D Collen…","Impairment of adipose tissue development by hypoxia is not mediated by plasminogen activator inhibitor-1",2006,"Thrombosis and …","thieme-connect.com","https://www.thieme-connect.com/products/ejournals/abstract/10.1160/TH05-07-0478","https://scholar.google.com/scholar?cites=14942626074492842094&as_sdt=2005&sciodt=0,5&hl=en",41,"2023-07-28 11:52:02","","10.1160/TH05-07-0478","","",,,,,3,0.18,1,4,17,"… gonadal (GON) fat.Under hypoxic conditions,adipocytes in the adipose tissues were significantly smaller,whereas blood vessel size and density … kept on normal chow or on a high fat diet…","https://www.thieme-connect.com/products/ejournals/pdf/10.1160/TH05-07-0478.pdf","https://scholar.google.com/scholar?q=related:brCizT7fXs8J:scholar.google.com/&scioq=%22vessel+size%22+%22density%22+%22mice%22+%22high+fat+diet%22+%22gonadal%22+%22adipose+tissue%22&hl=en&as_sdt=0,5&as_ylo=1950&as_yhi=2023"
20,"I Scroyen, F Jacobs, L Cosemans…","Effect of plasminogen activator inhibitor-1 on adipogenesis in vivo",2009,"Thrombosis and …","thieme-connect.com","https://www.thieme-connect.com/products/ejournals/html/10.1160/TH08-06-0401","https://scholar.google.com/scholar?cites=4743758488103038597&as_sdt=2005&sciodt=0,5&hl=en",42,"2023-07-28 11:52:02","","10.1160/TH08-06-0401","","",,,,,20,1.43,5,4,14,"… -1-deficient mice kept on a high-fat diet develop somewhat more rapidly adipose tissue than … vessel size and density in subcutaneous (SC) and gonadal (GON) adipose tissues of NUDE …","https://www.thieme-connect.com/products/ejournals/pdf/10.1160/TH08-06-0401.pdf","https://scholar.google.com/scholar?q=related:hS6gHzY31UEJ:scholar.google.com/&scioq=%22vessel+size%22+%22density%22+%22mice%22+%22high+fat+diet%22+%22gonadal%22+%22adipose+tissue%22&hl=en&as_sdt=0,5&as_ylo=1950&as_yhi=2023"
33,"I Scroyen, L Cosemans, HR Lijnen","Effect of tissue inhibitor of matrix metalloproteinases-1 on in vitro and in vivo adipocyte differentiation",2009,"Thrombosis research","Elsevier","https://www.sciencedirect.com/science/article/pii/S0049384809003065","https://scholar.google.com/scholar?cites=12402077118752946513&as_sdt=2005&sciodt=0,5&hl=en",43,"2023-07-28 11:52:02","HTML","","","",,,,,33,2.36,11,3,14,"… in adipose tissue development was suggested by the finding that TIMP-1 deficient mice kept on a high fat diet (… and blood vessel size and density in adipose tissues following injection in …","https://www.sciencedirect.com/science/article/pii/S0049384809003065","https://scholar.google.com/scholar?q=related:UflENG4HHawJ:scholar.google.com/&scioq=%22vessel+size%22+%22density%22+%22mice%22+%22high+fat+diet%22+%22gonadal%22+%22adipose+tissue%22&hl=en&as_sdt=0,5&as_ylo=1950&as_yhi=2023"
14,"I Scroyen, V Christiaens, HR Lijnen","Effect of fumagillin on adipocyte differentiation and adipogenesis",2010,"Biochimica et Biophysica Acta (BBA) …","Elsevier","https://www.sciencedirect.com/science/article/pii/S0304416509003341","https://scholar.google.com/scholar?cites=11166742551431143511&as_sdt=2005&sciodt=0,5&hl=en",44,"2023-07-28 11:52:02","HTML","","","",,,,,14,1.08,5,3,13,"… of adipose tissue following injection of preadipocytes in nude mice kept on high fat diet was … This suggests that analysis of blood vessel size/density in developing adipose tissue has to …","https://www.sciencedirect.com/science/article/pii/S0304416509003341","https://scholar.google.com/scholar?q=related:V-BKxC89-JoJ:scholar.google.com/&scioq=%22vessel+size%22+%22density%22+%22mice%22+%22high+fat+diet%22+%22gonadal%22+%22adipose+tissue%22&hl=en&as_sdt=0,5&as_ylo=1950&as_yhi=2023"
6,"HR Lijnen, I Scroyen","Effect of vascular endothelial growth factor receptor 2 antagonism on adiposity in obese mice",2013,"J Mol Endocrinol","researchgate.net","https://www.researchgate.net/profile/He-Lijnen/publication/235682853_Effect_of_Vascular_Endothelial_Growth_Factor-Receptor_2_antagonism_on_adiposity_in_obese_mice/links/56a5f98508ae1b651134680c/Effect-of-Vascular-Endothelial-Growth-Factor-Receptor-2-antagonism-on-adiposity-in-obese-mice.pdf","https://scholar.google.com/scholar?cites=6229504303760304541&as_sdt=2005&sciodt=0,5&hl=en",45,"2023-07-28 11:52:02","PDF","","","",,,,,6,0.60,3,2,10,"… :12 h darkness cycle and fed a high-fat diet (HFD, Harlan Teklad, … -R2 blockade affects adipose tissue-related angiogenesis … and blood vessel size and density of obese mice. Data are …","https://www.researchgate.net/profile/He-Lijnen/publication/235682853_Effect_of_Vascular_Endothelial_Growth_Factor-Receptor_2_antagonism_on_adiposity_in_obese_mice/links/56a5f98508ae1b651134680c/Effect-of-Vascular-Endothelial-Growth-Factor-Receptor-2-antagonism-on-adiposity-in-obese-mice.pdf","https://scholar.google.com/scholar?q=related:nWlmsCilc1YJ:scholar.google.com/&scioq=%22vessel+size%22+%22density%22+%22mice%22+%22high+fat+diet%22+%22gonadal%22+%22adipose+tissue%22&hl=en&as_sdt=0,5&as_ylo=1950&as_yhi=2023"
296,"V Christiaens, HR Lijnen","Angiogenesis and development of adipose tissue",2010,"Molecular and cellular endocrinology","Elsevier","https://www.sciencedirect.com/science/article/pii/S0303720709004109","https://scholar.google.com/scholar?cites=16478224397761191302&as_sdt=2005&sciodt=0,5&hl=en",46,"2023-07-28 11:52:02","HTML","","","",,,,,296,22.77,148,2,13,"… on HFD had significantly larger subcutaneous (SC) and gonadal (… Blood vessel size was lower in GON adipose tissue of PlGF −… Supplementing the high-fat diet of mice with curcumin …","https://www.sciencedirect.com/science/article/pii/S0303720709004109","https://scholar.google.com/scholar?q=related:hh27zchpruQJ:scholar.google.com/&scioq=%22vessel+size%22+%22density%22+%22mice%22+%22high+fat+diet%22+%22gonadal%22+%22adipose+tissue%22&hl=en&as_sdt=0,5&as_ylo=1950&as_yhi=2023"
307,"HR Lijnen","Angiogenesis and obesity",2008,"Cardiovascular research","academic.oup.com","https://academic.oup.com/cardiovascres/article-abstract/78/2/286/347744","https://scholar.google.com/scholar?cites=7847000206576657517&as_sdt=2005&sciodt=0,5&hl=en",47,"2023-07-28 11:52:02","","","","",,,,,307,20.47,307,1,15,"… by the adipose tissue and its expression is upregulated in obesity. Osteonectin deficient mice on high fat diet (HFD) … Blood vessel size was lower in GON adipose tissue of PlGF −/− …","https://academic.oup.com/cardiovascres/article/78/2/286/347744","https://scholar.google.com/scholar?q=related:bSRr2Rwl5mwJ:scholar.google.com/&scioq=%22vessel+size%22+%22density%22+%22mice%22+%22high+fat+diet%22+%22gonadal%22+%22adipose+tissue%22&hl=en&as_sdt=0,5&as_ylo=1950&as_yhi=2023"
44,"D Bauters, I Scroyen, M Van Hul, HR Lijnen","Gelatinase A (MMP-2) promotes murine adipogenesis",2015,"Biochimica et Biophysica Acta …","Elsevier","https://www.sciencedirect.com/science/article/pii/S0304416515001087","https://scholar.google.com/scholar?cites=4972804081072589830&as_sdt=2005&sciodt=0,5&hl=en",48,"2023-07-28 11:52:02","HTML","","","",,,,,44,5.50,11,4,8,"… Expansion of adipose tissue is dependent on adipogenesis, … subcutaneously in Nude BALB/c mice kept on high fat diet. … Blood vessel size in de novo fat pads was not significantly …","https://www.sciencedirect.com/science/article/pii/S0304416515001087","https://scholar.google.com/scholar?q=related:Bszx9fbyAkUJ:scholar.google.com/&scioq=%22vessel+size%22+%22density%22+%22mice%22+%22high+fat+diet%22+%22gonadal%22+%22adipose+tissue%22&hl=en&as_sdt=0,5&as_ylo=1950&as_yhi=2023"
0,"M Van Hul","Role of Gelatinases in the Development of Adipose Tissue",2012,"","lirias.kuleuven.be","https://lirias.kuleuven.be/1903289?limo=0","",49,"2023-07-28 11:52:02","","","","",,,,,0,0.00,0,1,11,"… lipolysis and hepatic production of very-‐low-‐density … mice to a high fat diet (HFD) and evaluating their fat mass development. This revealed enhanced adipose tissue growth in mice …","https://lirias.kuleuven.be/retrieve/173137","https://scholar.google.com/scholar?q=related:BMoVfjTSIdEJ:scholar.google.com/&scioq=%22vessel+size%22+%22density%22+%22mice%22+%22high+fat+diet%22+%22gonadal%22+%22adipose+tissue%22&hl=en&as_sdt=0,5&as_ylo=1950&as_yhi=2023"
23,"I Scroyen, V Christiaens, HR Lijnen","No functional role of plasminogen activator inhibitor‐1 in murine adipogenesis or adipocyte differentiation",2007,"Journal of Thrombosis and …","Elsevier","https://www.sciencedirect.com/science/article/pii/S1538783622079612","https://scholar.google.com/scholar?cites=10530063063211851364&as_sdt=2005&sciodt=0,5&hl=en",50,"2023-07-28 11:52:02","HTML","","","",,,,,23,1.44,8,3,16,"… mice kept on a high‐fat diet (HFD) develop adipose tissue … a subsequent study in true littermate mice did not reveal a … and blood vessel size and density in sc and gonadal (GON) …","https://www.sciencedirect.com/science/article/pii/S1538783622079612","https://scholar.google.com/scholar?q=related:ZD40uZBMIpIJ:scholar.google.com/&scioq=%22vessel+size%22+%22density%22+%22mice%22+%22high+fat+diet%22+%22gonadal%22+%22adipose+tissue%22&hl=en&as_sdt=0,5&as_ylo=1950&as_yhi=2023"
10,"A Ioannidou, RM Fisher, CE Hagberg","The multifaceted roles of the adipose tissue vasculature",2022,"Obesity Reviews","Wiley Online Library","https://onlinelibrary.wiley.com/doi/abs/10.1111/obr.13403","https://scholar.google.com/scholar?cites=14627029339293199448&as_sdt=2005&sciodt=0,5&hl=en",51,"2023-07-28 11:52:02","","10.1111/obr.13403","","",,,,,10,10.00,3,3,1,"… characteristics, according to the vessel size, anatomical location, … 1 knockout mice are, for example, resistant to high fat diet-… However, at least for the femoral-gonadal subcutaneous fat …","https://onlinelibrary.wiley.com/doi/pdf/10.1111/obr.13403","https://scholar.google.com/scholar?q=related:WKzJz6-l_coJ:scholar.google.com/&scioq=%22vessel+size%22+%22density%22+%22mice%22+%22high+fat+diet%22+%22gonadal%22+%22adipose+tissue%22&hl=en&as_sdt=0,5&as_ylo=1950&as_yhi=2023"
19,"HR Lijnen","Murine models of obesity and hormonal therapy",2011,"Thrombosis research","Elsevier","https://www.sciencedirect.com/science/article/pii/S0049384811700068","https://scholar.google.com/scholar?cites=2590122653439875406&as_sdt=2005&sciodt=0,5&hl=en",52,"2023-07-28 11:52:02","","","","",,,,,19,1.58,19,1,12,"… Blood vessel size was lower in GON adipose tissue of the … and gonadal fat pads. A subsequent study in ovariectomized … effects of estrogen in high-fat diet-fed mice. Am J Physiol …","","https://scholar.google.com/scholar?q=related:Ttn5itT28SMJ:scholar.google.com/&scioq=%22vessel+size%22+%22density%22+%22mice%22+%22high+fat+diet%22+%22gonadal%22+%22adipose+tissue%22&hl=en&as_sdt=0,5&as_ylo=1950&as_yhi=2023"
203,"MR Robciuc, R Kivelä, IM Williams, JF de Boer…","VEGFB/VEGFR1-induced expansion of adipose vasculature counteracts obesity and related metabolic complications",2016,"Cell metabolism","cell.com","https://www.cell.com/cell-metabolism/pdf/S1550-4131(16)30107-3.pdf","https://scholar.google.com/scholar?cites=9350802375219640241&as_sdt=2005&sciodt=0,5&hl=en",53,"2023-07-28 11:52:02","PDF","","","",,,,,203,29.00,41,5,7,"… capillary network density and vessel size, causing reddening … adipose tissue vascularity in the VEGFBtransduced mice, we … were measured after eight weeks of high fat diet. Number of …","https://www.cell.com/cell-metabolism/pdf/S1550-4131(16)30107-3.pdf","https://scholar.google.com/scholar?q=related:sXfYsze5xIEJ:scholar.google.com/&scioq=%22vessel+size%22+%22density%22+%22mice%22+%22high+fat+diet%22+%22gonadal%22+%22adipose+tissue%22&hl=en&as_sdt=0,5&as_ylo=1950&as_yhi=2023"
0,"I Scroyen, HR Lijnen","Mouse Genetic Models in Studying Adipose Angiogenesis",2013,"Angiogenesis in Adipose Tissue","Springer","https://link.springer.com/chapter/10.1007/978-1-4614-8069-3_14","",54,"2023-07-28 11:52:02","","10.1007/978-1-4614-8069-3_14","","",,,,,0,0.00,0,2,10,"… vessel size is observed in subcutaneous (SC) adipose tissue … In addition, also PAI-1 transgenic mice on high fat diet have … mice on HFD, but was lower in gonadal (GON) fat of PAI-2 –/– …","","https://scholar.google.com/scholar?q=related:xodhGzaCHdAJ:scholar.google.com/&scioq=%22vessel+size%22+%22density%22+%22mice%22+%22high+fat+diet%22+%22gonadal%22+%22adipose+tissue%22&hl=en&as_sdt=0,5&as_ylo=1950&as_yhi=2023"
0,"IME Desar, AMJ Thijs, SF Mulder…","Weight loss induced by tyrosine kinase inhibitors of the VEGF pathway",2016,"CARDIOVASCULAR …","repository.ubn.ru.nl","https://repository.ubn.ru.nl/bitstream/handle/2066/159898/159898.pdf#page=91","",55,"2023-07-28 11:52:02","PDF","","","",,,,,0,0.00,0,4,7,"… ) treatment for four weeks of mice on a high fat diet resulted in a significant reduction of body … gonadal adipose tissue mass, without significant changes in blood vessel size and density.[…","https://repository.ubn.ru.nl/bitstream/handle/2066/159898/159898.pdf#page=91","https://scholar.google.com/scholar?q=related:4cBPaUOrv3UJ:scholar.google.com/&scioq=%22vessel+size%22+%22density%22+%22mice%22+%22high+fat+diet%22+%22gonadal%22+%22adipose+tissue%22&hl=en&as_sdt=0,5&as_ylo=1950&as_yhi=2023"
0,"MC Soler-Vázquez, M del Mar Romero…","Implantation of CPT1AM-expressing adipocytes reduces obesity and glucose intolerance in mice",2023,"Metabolic …","Elsevier","https://www.sciencedirect.com/science/article/pii/S1096717623000630","",56,"2023-07-28 11:52:02","HTML","","","",,,,,0,0.00,0,3,1,"… into mice fed a high-fat diet (HFD). CPT1AM-implanted … in the adipose tissue of CPT1AM-implanted mice. Our results … for the corresponding vessel size) supplemented with 5 …","https://www.sciencedirect.com/science/article/pii/S1096717623000630","https://scholar.google.com/scholar?q=related:n1ch0W2BJVEJ:scholar.google.com/&scioq=%22vessel+size%22+%22density%22+%22mice%22+%22high+fat+diet%22+%22gonadal%22+%22adipose+tissue%22&hl=en&as_sdt=0,5&as_ylo=1950&as_yhi=2023"
36,"G Berg, L Schreier, V Miksztowicz","Circulating and adipose tissue matrix metalloproteinases in cardiometabolic risk environments: pathophysiological aspects",2014,"Hormone molecular biology and …","degruyter.com","https://www.degruyter.com/document/doi/10.1515/hmbci-2013-0069/html","https://scholar.google.com/scholar?cites=1338751225832957271&as_sdt=2005&sciodt=0,5&hl=en",57,"2023-07-28 11:52:02","HTML","10.1515/hmbci-2013-0069","","",,,,,36,4.00,12,3,9,"… to the origin of the adipose tissue (gonadal vs. subcutaneous), … development when mice are fed a high-fat diet [30–32]. In … associated with reduced blood vessel size in fat tissues [37]. …","https://www.degruyter.com/document/doi/10.1515/hmbci-2013-0069/html","https://scholar.google.com/scholar?q=related:V2VkmiUzlBIJ:scholar.google.com/&scioq=%22vessel+size%22+%22density%22+%22mice%22+%22high+fat+diet%22+%22gonadal%22+%22adipose+tissue%22&hl=en&as_sdt=0,5&as_ylo=1950&as_yhi=2023"
0,"YH Chan, JWE Moss, JO Williams…","… processes in vitro, modulates disease‐associated risk factors in C57BL/6J mice and reduces atherogenesis in LDL receptor deficient mice by inhibiting inflammation …",2023,"Molecular Nutrition & …","Wiley Online Library","https://onlinelibrary.wiley.com/doi/abs/10.1002/mnfr.202200716","",58,"2023-07-28 11:52:02","","10.1002/mnfr.202200716","","",,,,,0,0.00,0,4,1,"… subcutaneous, gonadal and renal adipose tissue deposits (p… within the lumen, and plaque and vessel size (Fig. 8). The … in C57BL6/J mice fed a high fat diet and prevents multiple …","https://onlinelibrary.wiley.com/doi/pdf/10.1002/mnfr.202200716","https://scholar.google.com/scholar?q=related:RdAFik93rDoJ:scholar.google.com/&scioq=%22vessel+size%22+%22density%22+%22mice%22+%22high+fat+diet%22+%22gonadal%22+%22adipose+tissue%22&hl=en&as_sdt=0,5&as_ylo=1950&as_yhi=2023"
18,"SM Maller, A Cagnoni, N Bannoud, L Sigaut…","An adipose tissue galectin controls endothelial cell function via preferential recognition of 3-fucosylated glycans",2019,"","ri.conicet.gov.ar","https://ri.conicet.gov.ar/handle/11336/157043","https://scholar.google.com/scholar?cites=5544925951360229912&as_sdt=2005&sciodt=0,5&hl=en",59,"2023-07-28 11:52:02","","","","",,,,,18,4.50,4,5,4,"… ligand density,13 we decided to test ASF, a well-known ligand for other galectins, as a … reduced blood vessel size in gonadal AT of Pigf -/- mice with both standard-fat and highfat diet.In …","https://ri.conicet.gov.ar/bitstream/handle/11336/157043/CONICET_Digital_Nro.885ee0bf-9977-49dc-a4ab-ba1f1cf006c3_B.pdf?sequence=5&isAllowed=y","https://scholar.google.com/scholar?q=related:GOKrRMaI80wJ:scholar.google.com/&scioq=%22vessel+size%22+%22density%22+%22mice%22+%22high+fat+diet%22+%22gonadal%22+%22adipose+tissue%22&hl=en&as_sdt=0,5&as_ylo=1950&as_yhi=2023"
13,"I Scroyen, D Bauters, C Vranckx, HR Lijnen","The anti-adipogenic potential of COUP-TFII is mediated by downregulation of the notch target gene hey1",2015,"PLoS One","journals.plos.org","https://journals.plos.org/plosone/article?id=10.1371/journal.pone.0145608","https://scholar.google.com/scholar?cites=10518193987123350443&as_sdt=2005&sciodt=0,5&hl=en",60,"2023-07-28 11:52:02","HTML","","","",,,,,13,1.63,3,4,8,"… day/night cycle and fed with high fat diet (HFD, Harlan Teklad … Blood vessel size and density were not significantly different … WT mice, expression of Coup-tfII in adipose tissue decreased …","https://journals.plos.org/plosone/article?id=10.1371/journal.pone.0145608","https://scholar.google.com/scholar?q=related:qwsjGbQh-JEJ:scholar.google.com/&scioq=%22vessel+size%22+%22density%22+%22mice%22+%22high+fat+diet%22+%22gonadal%22+%22adipose+tissue%22&hl=en&as_sdt=0,5&as_ylo=1950&as_yhi=2023"
3,"IME Desar, AMJ Thijs, SF Mulder, CJJ Tack…","Weight loss induced by tyrosine kinase inhibitors of the vascular endothelial growth factor pathway",2012,"Anti-Cancer …","journals.lww.com","https://journals.lww.com/anti-cancerdrugs/FullText/2012/02000/Weight_loss_induced_by_tyrosine_kinase_inhibitors.2.aspx","https://scholar.google.com/scholar?cites=9113747491410865595&as_sdt=2005&sciodt=0,5&hl=en",61,"2023-07-28 11:52:02","HTML","","","",,,,,3,0.27,1,5,11,"… mice on a high-fat diet resulted in a significant reduction of body weight and subcutaneous … gonadal adipose tissue mass, without significant changes in blood vessel size and density 47 …","https://journals.lww.com/anti-cancerdrugs/FullText/2012/02000/Weight_loss_induced_by_tyrosine_kinase_inhibitors.2.aspx","https://scholar.google.com/scholar?q=related:u-0mhg6Jen4J:scholar.google.com/&scioq=%22vessel+size%22+%22density%22+%22mice%22+%22high+fat+diet%22+%22gonadal%22+%22adipose+tissue%22&hl=en&as_sdt=0,5&as_ylo=1950&as_yhi=2023"
0,"LA Johnson, KL Zuloaga, TL Kugelman, KS Mader…","Amelioration of MetS-Associated Cognitive Impairments in Mice via a Reduction in Dietary Fat Content or Infusion of Non-Diabetic Plasma",2015,"","cyberleninka.org","https://cyberleninka.org/article/n/294986.pdf","",62,"2023-07-28 11:52:02","PDF","","","",,,,,0,0.00,0,5,8,"… mouse model of chronic high fat diet (HFD) consumption in … (C) HFD mice gain adipose tissue mass; fat loss following a … weight was measured from the left visceral (gonadal) and left …","https://cyberleninka.org/article/n/294986.pdf","https://scholar.google.com/scholar?q=related:Aq_6Yv5mn2YJ:scholar.google.com/&scioq=%22vessel+size%22+%22density%22+%22mice%22+%22high+fat+diet%22+%22gonadal%22+%22adipose+tissue%22&hl=en&as_sdt=0,5&as_ylo=1950&as_yhi=2023"
1,"S Duran Ortiz","… hormone on angiogenesis and other cellular pathways in subcutaneous and epididymal adipose tissue from wild type and bovine growth hormone transgenic mice",2014,"","rave.ohiolink.edu","https://rave.ohiolink.edu/etdc/view?acc_num=ohiou1406818100","https://scholar.google.com/scholar?cites=8515933681864209321&as_sdt=2005&sciodt=0,5&hl=en",63,"2023-07-28 11:52:02","","","","",,,,,1,0.11,1,1,9,"… gonadal AT depots from mice with defective leptin (ob/ob mice) and mice on a high-fat diet (… mouse studies show an increased blood vessel size and density in SubQ AT than in some of …","https://etd.ohiolink.edu/apexprod/rws_etd/send_file/send?accession=ohiou1406818100&disposition=inline","https://scholar.google.com/scholar?q=related:qfNMdpCsLnYJ:scholar.google.com/&scioq=%22vessel+size%22+%22density%22+%22mice%22+%22high+fat+diet%22+%22gonadal%22+%22adipose+tissue%22&hl=en&as_sdt=0,5&as_ylo=1950&as_yhi=2023"
1,"M Murali","Elucidating the effect of sex on the metabolic and vascular perturbations induced by the absence of adiponectin",2016,"","mspace.lib.umanitoba.ca","https://mspace.lib.umanitoba.ca/handle/1993/31788","https://scholar.google.com/scholar?cites=12246619277746836353&as_sdt=2005&sciodt=0,5&hl=en",64,"2023-07-28 11:52:02","","","","",,,,,1,0.14,1,1,7,"… Epicardial white adipose tissue depot weight at week 8 on … male and female mice fed either a low or a high fat diet………… in male and female mice fed either a low or a high fat diet…………","https://mspace.lib.umanitoba.ca/bitstream/handle/1993/31788/Murali_Megha.pdf","https://scholar.google.com/scholar?q=related:gRONBVm79KkJ:scholar.google.com/&scioq=%22vessel+size%22+%22density%22+%22mice%22+%22high+fat+diet%22+%22gonadal%22+%22adipose+tissue%22&hl=en&as_sdt=0,5&as_ylo=1950&as_yhi=2023"
0,"G Lotte","ADAMTS13 DEFICIENCY AND OBESITY AS RISK FACTORS FOR THROMBOTIC THROMBOCYTOPENIC PURPURA",,"lirias.kuleuven.be","","https://lirias.kuleuven.be/retrieve/456413","",65,"2023-07-28 11:52:02","PDF","","","",,,,,0,0.00,0,1,,"… GN gonadal GP glycoprotein GPX1 glutathione peroxidase-1 HDL high density lipoprotein HFD high fat diet HIV … , blood vessel size and density in GN and SC adipose tissue of WT and …","https://lirias.kuleuven.be/retrieve/456413","https://scholar.google.com/scholar?q=related:GCLJP30-zvQJ:scholar.google.com/&scioq=%22vessel+size%22+%22density%22+%22mice%22+%22high+fat+diet%22+%22gonadal%22+%22adipose+tissue%22&hl=en&as_sdt=0,5&as_ylo=1950&as_yhi=2023"
0,"E as Determinants","Adipose Tissue Function and",2017,"Obesity and Lipotoxicity","books.google.com","https://books.google.com/books?hl=en&lr=&id=lcgmDwAAQBAJ&oi=fnd&pg=PA161&dq=%22vessel+size%22+%22density%22+%22mice%22+%22high+fat+diet%22+%22gonadal%22+%22adipose+tissue%22&ots=YjTqO3oZFn&sig=v92CVk6FFIG5fpVYLwT0OA5JHdo","",66,"2023-07-28 11:52:02","","","","",,,,,0,0.00,0,1,6,"… or order of expansion with gonadal VAT being the first depot … when mice reached a body weight of 40 g, their gonadal VAT … precursors during high fat diet in C57BL/6J mice is fat depot …","","https://scholar.google.com/scholar?q=related:ihOjcAgMMoIJ:scholar.google.com/&scioq=%22vessel+size%22+%22density%22+%22mice%22+%22high+fat+diet%22+%22gonadal%22+%22adipose+tissue%22&hl=en&as_sdt=0,5&as_ylo=1950&as_yhi=2023"
30,"A Lindgren, M Levin, S Rodrigo Blomqvist, J Wikström…","Adiponectin receptor 2 deficiency results in reduced atherosclerosis in the brachiocephalic artery in apolipoprotein E deficient mice",2013,"PLoS …","journals.plos.org","https://journals.plos.org/plosone/article?id=10.1371/journal.pone.0080330","https://scholar.google.com/scholar?cites=15012415489905329802&as_sdt=2005&sciodt=0,5&hl=en",67,"2023-07-28 11:52:02","HTML","","","",,,,,30,3.00,6,5,10,"… In contrast, AdipoR2 -/- mice were resistant to high-fat diet … Liver and gonadal white adipose tissue (WAT) were … This effect on plaque area was not related to vessel size, since the …","https://journals.plos.org/plosone/article?id=10.1371/journal.pone.0080330","https://scholar.google.com/scholar?q=related:igZhUFnQVtAJ:scholar.google.com/&scioq=%22vessel+size%22+%22density%22+%22mice%22+%22high+fat+diet%22+%22gonadal%22+%22adipose+tissue%22&hl=en&as_sdt=0,5&as_ylo=1950&as_yhi=2023"
0,"M Van Hul","Carbohydrates: friend or foe of obesity and its metabolic complications?",2020,"","lirias.kuleuven.be","https://lirias.kuleuven.be/retrieve/597154","",68,"2023-07-28 11:52:02","PDF","","","",,,,,0,0.00,0,1,3,"… It is demonstrated that obesity reduces the capillary density and blood flow in adipose tissue… RNA extracted from GN and MES adipose tissue from mice kept on high-fat diet, western diet…","https://lirias.kuleuven.be/retrieve/597154","https://scholar.google.com/scholar?q=related:krIQZQ0eyUUJ:scholar.google.com/&scioq=%22vessel+size%22+%22density%22+%22mice%22+%22high+fat+diet%22+%22gonadal%22+%22adipose+tissue%22&hl=en&as_sdt=0,5&as_ylo=1950&as_yhi=2023"
105,"DJ Hoffman, TL Powell, ES Barrett…","Developmental origins of metabolic diseases",2021,"Physiological …","journals.physiology.org","https://journals.physiology.org/doi/abs/10.1152/physrev.00002.2020","https://scholar.google.com/scholar?cites=9245163405565147649&as_sdt=2005&sciodt=0,5&hl=en",69,"2023-07-28 11:52:02","","10.1152/physrev.00002.2020","","",,,,,105,52.50,26,4,2,"… (HEI), as well as a high-fat diet were associated with increased … given that development of adipose tissue is highest during … vegf gene expression and reduce placental vessel size (261). …","https://journals.physiology.org/doi/prev/20201203-aop/pdf/10.1152/physrev.00002.2020","https://scholar.google.com/scholar?q=related:AbomZyJrTYAJ:scholar.google.com/&scioq=%22vessel+size%22+%22density%22+%22mice%22+%22high+fat+diet%22+%22gonadal%22+%22adipose+tissue%22&hl=en&as_sdt=0,5&as_ylo=1950&as_yhi=2023"
1,"S Laber","Deciphering the function of obesity-associated regulatory elements within FTO",2017,"","ora.ox.ac.uk","https://ora.ox.ac.uk/objects/uuid:5608bad0-f089-408b-bf88-792e875f0326","https://scholar.google.com/scholar?cites=15059144299126423856&as_sdt=2005&sciodt=0,5&hl=en",70,"2023-07-28 11:52:02","","","","",,,,,1,0.17,1,1,6,"… mice were put on a high fat diet, I … mice on a HFD for 8 weeks showed adipose tissue hyperplasia in VWAT and SWAT, but only VWAT also underwent hypertrophic growth. In male mice, …","https://ora.ox.ac.uk/objects/uuid:5608bad0-f089-408b-bf88-792e875f0326/download_file?file_format=pdf&safe_filename=Thesis%2BSamantha%2BLaber%2BFINAL%2B2018%2Bb.pdf&type_of_work=Thesis","https://scholar.google.com/scholar?q=related:MIHHCvTT_NAJ:scholar.google.com/&scioq=%22vessel+size%22+%22density%22+%22mice%22+%22high+fat+diet%22+%22gonadal%22+%22adipose+tissue%22&hl=en&as_sdt=0,5&as_ylo=1950&as_yhi=2023"
0,"Y Chan","Anti-atherogenic actions of (+)-catechin",2021,"","orca.cardiff.ac.uk","https://orca.cardiff.ac.uk/id/eprint/144961/","",71,"2023-07-28 11:52:02","","","","",,,,,0,0.00,0,1,2,"… (+)-Catechin reduces the accumulation of inguinal, gonadal … 170 Figure 5.5 White and brown adipose tissue analysis. .......… with a high-fat diet (HFD), whereas Ldlr-/- mice develop little or …","https://orca.cardiff.ac.uk/id/eprint/144961/1/ChanYHPhDThesis-July2021-Corrected%20%28002%29.pdf","https://scholar.google.com/scholar?q=related:geNmtsJzBH4J:scholar.google.com/&scioq=%22vessel+size%22+%22density%22+%22mice%22+%22high+fat+diet%22+%22gonadal%22+%22adipose+tissue%22&hl=en&as_sdt=0,5&as_ylo=1950&as_yhi=2023"
0,"Y Liu","Fibrosis: a key alteration of adipose tissue in obesity with metabolic consequences",2015,"","theses.hal.science","https://theses.hal.science/tel-01403854/preview/2015PA066419.pdf","",72,"2023-07-28 11:52:02","PDF","","","",,,,,0,0.00,0,1,8,"… for her expertise in adipose tissue research domain, for her availability, patience and … Fat, properly defined as adipose tissue (AT), is a loose connective structure throughout the body. …","https://theses.hal.science/tel-01403854/preview/2015PA066419.pdf","https://scholar.google.com/scholar?q=related:1790PIdtZ5IJ:scholar.google.com/&scioq=%22vessel+size%22+%22density%22+%22mice%22+%22high+fat+diet%22+%22gonadal%22+%22adipose+tissue%22&hl=en&as_sdt=0,5&as_ylo=1950&as_yhi=2023"
195,"MJ Haley, CB Lawrence","The blood–brain barrier after stroke: structural studies and the role of transcytotic vesicles",2017,"Journal of Cerebral Blood Flow & …","journals.sagepub.com","https://journals.sagepub.com/doi/abs/10.1177/0271678X16629976","https://scholar.google.com/scholar?cites=17869731038779462196&as_sdt=2005&sciodt=0,5&hl=en",73,"2023-07-28 11:52:02","","10.1177/0271678X16629976","","",,,,,195,32.50,98,2,6,"… was measured, and divided by the lumen diameter to account for variation in vessel size. … At 24 h ob/– control mice had striatal damage only, whereas obese ob/ob mice had damage in …","https://journals.sagepub.com/doi/full/10.1177/0271678X16629976","https://scholar.google.com/scholar?q=related:NNI4rrMJ_vcJ:scholar.google.com/&scioq=%22vessel+size%22+%22density%22+%22mice%22+%22high+fat+diet%22+%22gonadal%22+%22adipose+tissue%22&hl=en&as_sdt=0,5&as_ylo=1950&as_yhi=2023"
1,"L Meoli","Comprehensive phenotyping of two mouse mutants reveals a potential novel role of G protein-coupled receptor 30",2011,"","edoc.hu-berlin.de","https://edoc.hu-berlin.de/handle/18452/16915","https://scholar.google.com/scholar?cites=5467676277152017047&as_sdt=2005&sciodt=0,5&hl=en",74,"2023-07-28 11:52:02","","","","",,,,,1,0.08,1,1,12,"… Therefore, mice were challenged with a defined high fat diet (… -pituitary-gonadal axis in female mutant mice was observed … hypertrophy in the white adipose tissue (125). ERα deficient …","https://edoc.hu-berlin.de/bitstream/handle/18452/16915/meoli.pdf?sequence=1","https://scholar.google.com/scholar?q=related:l-p55poW4UsJ:scholar.google.com/&scioq=%22vessel+size%22+%22density%22+%22mice%22+%22high+fat+diet%22+%22gonadal%22+%22adipose+tissue%22&hl=en&as_sdt=0,5&as_ylo=1950&as_yhi=2023"
1,"A Wilhelmson","Sex steroid hormones-roles in adaptive immunity and vascular pathology",2013,"","gupea.ub.gu.se","https://gupea.ub.gu.se/handle/2077/34401","https://scholar.google.com/scholar?cites=14336263048525449329&as_sdt=2005&sciodt=0,5&hl=en",75,"2023-07-28 11:52:02","BOOK","","","",,,,,1,0.10,1,1,10,"… stroma is replaced by adipose tissue. Nevertheless, residual … of lipids and normalized to vessel size. This technique provides … gain during high-fat diet-feeding and ARKO mice had lower …","https://gupea.ub.gu.se/bitstream/handle/2077/34401/gupea_2077_34401_1.pdf?sequence=1","https://scholar.google.com/scholar?q=related:cQjrLUmj9MYJ:scholar.google.com/&scioq=%22vessel+size%22+%22density%22+%22mice%22+%22high+fat+diet%22+%22gonadal%22+%22adipose+tissue%22&hl=en&as_sdt=0,5&as_ylo=1950&as_yhi=2023"
0,"B Amann-Vesti","Britta Engelhardt, Bern",2009,"","scholar.archive.org","https://scholar.archive.org/work/xa6iswljnjgibk477ym6u5ebw4/access/wayback/https://www.karger.com/Article/Pdf/245770","",76,"2023-07-28 11:52:02","PDF","","","",,,,,0,0.00,0,1,14,"… , disrupting gonadal development. Moreover, transgenic … -1tg mice after 20 weeks on standard or high-fat diet. Vascular … TNF-α in white epididymal adipose tissue by RT-PCR. Leptin …","https://scholar.archive.org/work/xa6iswljnjgibk477ym6u5ebw4/access/wayback/https://www.karger.com/Article/Pdf/245770","https://scholar.google.com/scholar?q=related:jcgzDFWE1LMJ:scholar.google.com/&scioq=%22vessel+size%22+%22density%22+%22mice%22+%22high+fat+diet%22+%22gonadal%22+%22adipose+tissue%22&hl=en&as_sdt=0,5&as_ylo=1950&as_yhi=2023"
0,"DS Reid","Consequences of external factors on placental and offspring development and using melatonin as a potential therapeutic",2021,"","search.proquest.com","https://search.proquest.com/openview/cb394c1238891d1e3a73193770c676a6/1?pq-origsite=gscholar&cbl=18750&diss=y","",77,"2023-07-28 11:52:02","BOOK","","","",,,,,0,0.00,0,1,2,"… mice. In this study, five-week old C57/BL6 mice were fed either a high-fat diet (HFD) or a … reduced adipose tissue in the epididymal and intra-abdominal and retroperitoneal area of …","https://search.proquest.com/openview/cb394c1238891d1e3a73193770c676a6/1?pq-origsite=gscholar&cbl=18750&diss=y","https://scholar.google.com/scholar?q=related:nN0r7J5VXcYJ:scholar.google.com/&scioq=%22vessel+size%22+%22density%22+%22mice%22+%22high+fat+diet%22+%22gonadal%22+%22adipose+tissue%22&hl=en&as_sdt=0,5&as_ylo=1950&as_yhi=2023"
0,"C Nain-Feng, W Der-Min…","www. nature. com/ijo",2007,"International Journal of …","dial.uclouvain.be","https://dial.uclouvain.be/pr/boreal/object/boreal%3A117063/datastream/PDF_01/view","",78,"2023-07-28 11:52:02","PDF","","","",,,,,0,0.00,0,3,16,"… Baseline brachial vessel size, FMD, NMD and bIMT were … depots (subcutaneous, perirenal, omental, gonadal and … expression in white adipose tissue (WAT) from high-fat diet obese rats …","https://dial.uclouvain.be/pr/boreal/object/boreal%3A117063/datastream/PDF_01/view","https://scholar.google.com/scholar?q=related:upBqkb9p5mEJ:scholar.google.com/&scioq=%22vessel+size%22+%22density%22+%22mice%22+%22high+fat+diet%22+%22gonadal%22+%22adipose+tissue%22&hl=en&as_sdt=0,5&as_ylo=1950&as_yhi=2023"
0,"V Legry, D Cottel, J Ferrières, T Deroide…","Association between liver X receptor alpha gene polymorphisms and metabolic syndrome in French populations",2007,"… Journal of Obesity","dial.uclouvain.be","https://dial.uclouvain.be/downloader/downloader.php?pid=boreal:117063&datastream=PDF_01","",79,"2023-07-28 11:52:02","PDF","","","",,,,,0,0.00,0,5,16,"… Baseline brachial vessel size, FMD, NMD and bIMT were … depots (subcutaneous, perirenal, omental, gonadal and … expression in white adipose tissue (WAT) from high-fat diet obese rats …","https://dial.uclouvain.be/downloader/downloader.php?pid=boreal:117063&datastream=PDF_01","https://scholar.google.com/scholar?q=related:de_NxVtTrMQJ:scholar.google.com/&scioq=%22vessel+size%22+%22density%22+%22mice%22+%22high+fat+diet%22+%22gonadal%22+%22adipose+tissue%22&hl=en&as_sdt=0,5&as_ylo=1950&as_yhi=2023"
0,"QA Acton","Advances in Overnutrition Research and Treatment: 2012 Edition",2012,"","books.google.com","https://books.google.com/books?hl=en&lr=&id=tNy54rN4VocC&oi=fnd&pg=PR1&dq=%22vessel+size%22+%22density%22+%22mice%22+%22high+fat+diet%22+%22gonadal%22+%22adipose+tissue%22&ots=OUzIiCghZj&sig=HVdwH6pI1frI_plHtPveOa2g-GM","",80,"2023-07-28 11:52:02","BOOK","","","",,,,,0,0.00,0,1,11,"… The researchers concluded: “Pituitary-gonadal axis suppression … “In this study, we found that high-fat diet (HFD) feeding … proteomic analysis of human omental adipose tissue,” is the …","","https://scholar.google.com/scholar?q=related:iP-q4Gq-YhEJ:scholar.google.com/&scioq=%22vessel+size%22+%22density%22+%22mice%22+%22high+fat+diet%22+%22gonadal%22+%22adipose+tissue%22&hl=en&as_sdt=0,5&as_ylo=1950&as_yhi=2023"
0,"MR Pabbidi, M Kuppusamy, S Didion, P Sanapureddy…","Page 1 Sex Differences in the Vascular Function and Related Mechanisms: Role of 17βEstradiol. 2",2018,"","journals.physiology.org","https://journals.physiology.org/doi/prev/20180907-aop/epdf/10.1152/ajpheart.00194.2018","",81,"2023-07-28 11:52:02","","10.1152/ajpheart.00194.2018","","",,,,,0,0.00,0,5,5,"… the role of 69 perivascular adipose tissue that may contribute to … , and that smaller vessel size is independent of parameters … in mice expressing only ERα and is 354 diminished in mice …","https://www.researchgate.net/profile/Maniselvan_Kuppusamy2/publication/327527861_Sex_Differences_in_the_Vascular_Function_and_Related_Mechanisms_Role_of_17bEstradiol/links/5bb23763a6fdccd3cb811cb4/Sex-Differences-in-the-Vascular-Function-and-Related-Mechanisms-Role-of-17bEstradiol.pdf","https://scholar.google.com/scholar?q=related:NgaxURrWO6MJ:scholar.google.com/&scioq=%22vessel+size%22+%22density%22+%22mice%22+%22high+fat+diet%22+%22gonadal%22+%22adipose+tissue%22&hl=en&as_sdt=0,5&as_ylo=1950&as_yhi=2023"
0,"A Koller","25th Conference of the European Society for Microcirculation",2008,"","karger.com","https://karger.com/jvr/article-pdf/45/Suppl.%202/1/3653122/000144991.pdf","",82,"2023-07-28 11:52:02","","","","",,,,,0,0.00,0,1,15,"… of sex-specific vascular and gonadal structures in the male and … mouse strains in response to high-fat diet in vivo. This … vascular remodeling in terms of vessel size (large vs. small), …","https://karger.com/Article/PDF/144991","https://scholar.google.com/scholar?q=related:AcylmsnBYvkJ:scholar.google.com/&scioq=%22vessel+size%22+%22density%22+%22mice%22+%22high+fat+diet%22+%22gonadal%22+%22adipose+tissue%22&hl=en&as_sdt=0,5&as_ylo=1950&as_yhi=2023"
9,"V Sharma, JH McNeill","The etiology of hypertension in the metabolic syndrome part four: The systemic perspective-the role of the neuroendocrine and immune systems, and the challenge of …",2006,"Current vascular pharmacology","ingentaconnect.com","https://www.ingentaconnect.com/content/ben/cvp/2006/00000004/00000004/art00005","https://scholar.google.com/scholar?cites=9299551502369491941&as_sdt=2005&sciodt=0,5&hl=en",83,"2023-07-28 11:52:02","","","","",,,,,9,0.53,5,2,17,"… We now know that adipose tissue is an endocrine gland, … in obese rats fed a high fat diet; the globular form produces a … mice develop insulin resistance after being fed a high-fat diet …","https://www.researchgate.net/profile/John-Mcneill-6/publication/6722138_The_etiology_of_hypertension_in_the_metabolic_syndrome_part_four_the_systemic_perspective--the_role_of_the_neuroendocrine_and_immune_systems_and_the_challenge_of_integration/links/5577670208ae7521586e179d/The-etiology-of-hypertension-in-the-metabolic-syndrome-part-four-the-systemic-perspective--the-role-of-the-neuroendocrine-and-immune-systems-and-the-challenge-of-integration.pdf","https://scholar.google.com/scholar?q=related:5Qsv_dGkDoEJ:scholar.google.com/&scioq=%22vessel+size%22+%22density%22+%22mice%22+%22high+fat+diet%22+%22gonadal%22+%22adipose+tissue%22&hl=en&as_sdt=0,5&as_ylo=1950&as_yhi=2023"
0,"F Akther","Sexual Dimorphism in Aortic Function of UC Davis Type 2 Diabetes Mellitus Rat Model: Estrogen Specific Responses",2019,"","search.proquest.com","https://search.proquest.com/openview/a5a37dab0caea0a8fd3077c9cb6b9997/1?pq-origsite=gscholar&cbl=18750&diss=y","",84,"2023-07-28 11:52:02","HTML","","","",,,,,0,0.00,0,1,4,"… the liver, muscles and adipose tissue. After developing insulin … of the relaxation factors differs with vessel size (42). In large … receptors may vary depending on gonadal function, sex and …","https://search.proquest.com/openview/a5a37dab0caea0a8fd3077c9cb6b9997/1?pq-origsite=gscholar&cbl=18750&diss=y","https://scholar.google.com/scholar?q=related:7Z0__3pUqzwJ:scholar.google.com/&scioq=%22vessel+size%22+%22density%22+%22mice%22+%22high+fat+diet%22+%22gonadal%22+%22adipose+tissue%22&hl=en&as_sdt=0,5&as_ylo=1950&as_yhi=2023"
0,"Y Liu","Fibrose du tissu adipeux humain: relations avec l'élasticité du tissu, des changements de poids et les comorbiditiés de l'obésité",2015,"","theses.fr","https://www.theses.fr/2015PA066419","",85,"2023-07-28 11:52:02","","","","",,,,,0,0.00,0,1,8,"… for her expertise in adipose tissue research domain, for her availability, patience and … Fat, properly defined as adipose tissue (AT), is a loose connective structure throughout the body. …","https://www.theses.fr/2015PA066419/abes","https://scholar.google.com/scholar?q=related:Ig8P0396tEQJ:scholar.google.com/&scioq=%22vessel+size%22+%22density%22+%22mice%22+%22high+fat+diet%22+%22gonadal%22+%22adipose+tissue%22&hl=en&as_sdt=0,5&as_ylo=1950&as_yhi=2023"
