Authors,Title,Publication,Volume,Number,Pages,Year,Publisher
"Takahashi, Hiroyuki; Shibuya, Masabumi; ",The vascular endothelial growth factor (VEGF)/VEGF receptor system and its role under physiological and pathological conditions,Clinical science,109,3,227-241,2005,Portland Press Ltd.
"Teran, Madelane; Nugent, Matthew A; ",Characterization of receptor binding kinetics for vascular endothelial growth factor-A using SPR,Analytical biochemistry,564,,21-31,2019,Elsevier
"Wu, Florence TH; Stefanini, Marianne O; Mac Gabhann, Feilim; Popel, Aleksander S; ",A compartment model of VEGF distribution in humans in the presence of soluble VEGF receptor-1 acting as a ligand trap,PloS one,4,4,e5108,2009,"Public Library of Science San Francisco, USA"
"Wise, Lyn M; Veikkola, Tanja; Mercer, Andrew A; Savory, Loreen J; Fleming, Stephen B; Caesar, Carol; Vitali, Angela; Makinen, Taija; Alitalo, Kari; Stacker, Steven A; ",Vascular endothelial growth factor (VEGF)-like protein from orf virus NZ2 binds to VEGFR2 and neuropilin-1,Proceedings of the National Academy of Sciences,96,6,3071-3076,1999,National Acad Sciences
"Herzog, Birger; Pellet-Many, Caroline; Britton, Gary; Hartzoulakis, Basil; Zachary, Ian C; ","VEGF binding to NRP1 is essential for VEGF stimulation of endothelial cell migration, complex formation between NRP1 and VEGFR2, and signaling via FAK Tyr407 phosphorylation",Molecular biology of the cell,22,15,2766-2776,2011,Am Soc Cell Biol
"Cébe-Suarez, Stéphanie; Grünewald, Felix S; Jaussi, Rolf; Li, Xiujuan; Claesson-Welsh, Lena; Spillmann, Dorothe; Mercer, Andrew A; Prota, Andrea E; Ballmer-Hofer, Kurt; ",Orf virus VEGF‐E NZ2 promotes paracellular NRP‐1/VEGFR‐2 coreceptor assembly via the peptide RPPR,The FASEB Journal,22,8,3078-3086,2008,Wiley Online Library
"Peach, Chloe J; Kilpatrick, Laura E; Friedman-Ohana, Rachel; Zimmerman, Kris; Robers, Matthew B; Wood, Keith V; Woolard, Jeanette; Hill, Stephen J; ",Real-time ligand binding of fluorescent VEGF-A isoforms that discriminate between VEGFR2 and NRP1 in living cells,Cell chemical biology,25,10,1208-1218. e5,2018,Elsevier
"von Wronski, Mathew A; Raju, Natarajan; Pillai, Radhakrishna; Bogdan, Nancy J; Marinelli, Edmund R; Nanjappan, Palaniappa; Ramalingam, Kondareddiar; Arunachalam, Thangavel; Eaton, Steve; Linder, Karen E; ",Tuftsin binds neuropilin-1 through a sequence similar to that encoded by exon 8 of vascular endothelial growth factor,Journal of Biological Chemistry,281,9,5702-5710,2006,ASBMB
"Chen, Yuh-Ling; Tsai, Inn-Ho; Hong, Tse-Ming; Tsai, Shu-Huei; ",Crotalid venom vascular endothelial growth factors has preferential affinity for VEGFR-1,Thrombosis and haemostasis,93,02,331-338,2005,Schattauer GmbH
"Krilleke, Dominik; DeErkenez, Andrea; Schubert, William; Giri, Indrajit; Robinson, Gregory S; Ng, Yin-Shan; Shima, David T; ",Molecular mapping and functional characterization of the VEGF164 heparin-binding domain,Journal of Biological Chemistry,282,38,28045-28056,2007,ASBMB
"Hsieh, SH; Ying, NW; Wu, MH; Chiang, WF; Hsu, CL; Wong, Tung-Yiu; Jin, YT; Hong, TM; Chen, YL; ","Galectin-1, a novel ligand of neuropilin-1, activates VEGFR-2 signaling and modulates the migration of vascular endothelial cells",Oncogene,27,26,3746-3753,2008,Nature Publishing Group
"Shaik, Faheem; Cuthbert, Gary A; Homer-Vanniasinkam, Shervanthi; Muench, Stephen P; Ponnambalam, Sreenivasan; Harrison, Michael A; ",Structural basis for vascular endothelial growth factor receptor activation and implications for disease therapy,Biomolecules,10,12,1673,2020,MDPI
"Mamer, Spencer B; Chen, Si; Weddell, Jared C; Palasz, Alexandra; Wittenkeller, Ashley; Kumar, Manu; Imoukhuede, PI; ",Discovery of high-affinity PDGF-VEGFR interactions: redefining RTK dynamics,Scientific reports,7,1,16439,2017,Nature Publishing Group UK London
"Peach, Chloe J; Mignone, Viviane W; Arruda, Maria Augusta; Alcobia, Diana C; Hill, Stephen J; Kilpatrick, Laura E; Woolard, Jeanette; ",Molecular pharmacology of VEGF-A isoforms: binding and signalling at VEGFR2,International journal of molecular sciences,19,4,1264,2018,MDPI
"Leppänen, Veli-Matti; Prota, Andrea E; Jeltsch, Michael; Anisimov, Andrey; Kalkkinen, Nisse; Strandin, Tomas; Lankinen, Hilkka; Goldman, Adrian; Ballmer-Hofer, Kurt; Alitalo, Kari; ",Structural determinants of growth factor binding and specificity by VEGF receptor 2,Proceedings of the National Academy of Sciences,107,6,2425-2430,2010,National Acad Sciences
"Sarabipour, Sarvenaz; Mac Gabhann, Feilim; ",VEGF-A121a binding to Neuropilins–A concept revisited,Cell Adhesion & Migration,12,3,204-214,2018,Taylor & Francis
"Teran, Madelane; Nugent, Matthew A; ",Synergistic binding of vascular endothelial growth factor-A and its receptors to heparin selectively modulates complex affinity,Journal of Biological Chemistry,290,26,16451-16462,2015,ASBMB
"Lake, Andrew C; Vassy, Roger; Di Benedetto, Melanie; Lavigne, Damien; Le Visage, Catherine; Perret, Gérard Y; Letourneur, Didier; ",Low molecular weight fucoidan increases VEGF165-induced endothelial cell migration by enhancing VEGF165 binding to VEGFR-2 and NRP1,Journal of Biological Chemistry,281,49,37844-37852,2006,ASBMB
"Mamer, Spencer B; Wittenkeller, Ashley; Imoukhuede, PI; ",VEGF-A splice variants bind VEGFRs with differential affinities,Scientific reports,10,1,14413,2020,Nature Publishing Group UK London
"Affinity, Modulates Complex; Teran, Madelane; Nugent, Matthew A; ",VEGF interaction with receptors is regulated by heparan sulfate,,,,,2015,
"Delcombel, Romain; Janssen, Lauriane; Vassy, Roger; Gammons, Melissa; Haddad, Oualid; Richard, Benjamin; Letourneur, Didier; Bates, David; Hendricks, Céline; Waltenberger, Johannes; ","New prospects in the roles of the C-terminal domains of VEGF-A and their cooperation for ligand binding, cellular signaling and vessels formation",Angiogenesis,16,,353-371,2013,Springer
"Hua, Jing; Spee, Christine; Kase, Satoru; Rennel, Emma S; Magnussen, Anette L; Qiu, Yan; Varey, Alex; Dhayade, Sandeep; Churchill, Amanda J; Harper, Steven J; ",Recombinant human VEGF165b inhibits experimental choroidal neovascularization,Investigative ophthalmology & visual science,51,8,4282-4288,2010,The Association for Research in Vision and Ophthalmology
"Di Benedetto, Mélanie; Starzec, Anna; Vassy, Roger; Perret, Gérard-Yves; Crépin, Michel; ",Distinct heparin binding sites on VEGF165 and its receptors revealed by their interaction with a non sulfated glycoaminoglycan (NaPaC),Biochimica et Biophysica Acta (BBA)-General Subjects,1780,4,723-732,2008,Elsevier
"Dai, J; Rabie, ABM; ",VEGF: an essential mediator of both angiogenesis and endochondral ossification,Journal of dental research,86,10,937-950,2007,SAGE Publications
"Yamazaki, Yasuo; Takani, Koji; Atoda, Hideko; Morita, Takashi; ",Snake venom vascular endothelial growth factors (VEGFs) exhibit potent activity through their specific recognition of KDR (VEGF receptor 2),Journal of Biological Chemistry,278,52,51985-51988,2003,ASBMB
"Cunningham, Sonia A; Tran, Tuan M; Arrate, M Pia; Brock, Tommy A; ",Characterization of vascular endothelial cell growth factor interactions with the kinase insert domain-containing receptor tyrosine kinase: a real time kinetic study,Journal of Biological Chemistry,274,26,18421-18427,1999,ASBMB
"Yang, Seung-Pil; Bae, Dong-Goo; Kang, Hyo Jung; Gwag, Byoung Joo; Gho, Yong Song; Chae, Chi-Bom; ",Co-accumulation of vascular endothelial growth factor with β-amyloid in the brain of patients with Alzheimer’s disease,Neurobiology of aging,25,3,283-290,2004,Elsevier
"Ogawa, Sachiyo; Oku, Asuka; Sawano, Asako; Yamaguchi, Sachiko; Yazaki, Yoshio; Shibuya, Masabumi; ","A novel type of vascular endothelial growth factor, VEGF-E (NZ-7 VEGF), preferentially utilizes KDR/Flk-1 receptor and carries a potent mitotic activity without heparin-binding domain",Journal of Biological Chemistry,273,47,31273-31282,1998,ASBMB
"Soker, Shay; Takashima, Seiji; Miao, Hua Quan; Neufeld, Gera; Klagsbrun, Michael; ",Neuropilin-1 is expressed by endothelial and tumor cells as an isoform-specific receptor for vascular endothelial growth factor,Cell,92,6,735-745,1998,Elsevier
"Inoki, Isao; Shiomi, Takayuki; Hashimoto, Gakuji; Enomoto, Hiroyuki; Nakamura, Hiroyuki; Makino, Ken-ichi; Ikeda, Eiji; Takata, Shigeo; Kobayashi, Ken-ichi; Okada, Yasunori; ",Connective tissue growth factor binds vascular endothelial growth factor (VEGF) and inhibits VEGF‐induced angiogenesis,The FASEB Journal,16,2,1-27,2002,Wiley Online Library
"Jia, Haiyan; Bagherzadeh, Azadeh; Hartzoulakis, Basil; Jarvis, Ashley; Lohr, Marianne; Shaikh, Shaheda; Aqil, Rehan; Cheng, Lili; Tickner, Michelle; Esposito, Diego; ",Characterization of a bicyclic peptide neuropilin-1 (NP-1) antagonist (EG3287) reveals importance of vascular endothelial growth factor exon 8 for NP-1 binding and role of NP-1 in KDR signaling,Journal of Biological Chemistry,281,19,13493-13502,2006,ASBMB
"Shibuya, Masabumi; ","Vascular endothelial growth factor receptor‐2: its unique signaling and specific ligand, VEGF‐E",Cancer science,94,9,751-756,2003,Wiley Online Library
"Yasukawa, Kumi; Terai, Masaru; Shulman, Stanford T; Toyozaki, Tetsuya; Yajima, Shigehiro; Kohno, Yoichi; Rowley, Anne H; ",Systemic production of vascular endothelial growth factor and fms-like tyrosine kinase-1 receptor in acute Kawasaki disease,Circulation,105,6,766-769,2002,Am Heart Assoc
"Whitaker, G Brian; Limberg, Brian J; Rosenbaum, Jan S; ",Vascular endothelial growth factor receptor-2 and neuropilin-1 form a receptor complex that is responsible for the differential signaling potency of VEGF165 and VEGF121,Journal of Biological Chemistry,276,27,25520-25531,2001,ASBMB
"Parker, Matthew W; Xu, Ping; Li, Xiaobo; Vander Kooi, Craig W; ",Structural basis for selective vascular endothelial growth factor-A (VEGF-A) binding to neuropilin-1,Journal of Biological Chemistry,287,14,11082-11089,2012,ASBMB
"Pan, Qi; Chathery, Yvan; Wu, Yan; Rathore, Nisha; Tong, Raymond K; Peale, Franklin; Bagri, Anil; Tessier-Lavigne, Marc; Koch, Alexander W; Watts, Ryan J; ",Neuropilin-1 binds to VEGF121 and regulates endothelial cell migration and sprouting,Journal of Biological Chemistry,282,33,24049-24056,2007,ASBMB
"Perret, Gérard Y; Starzec, Anna; Hauet, Nathalie; Vergote, Jackie; Le Pecheur, Marie; Vassy, Roger; Léger, Gérard; Verbeke, Kristin A; Bormans, Guy; Nicolas, Patrick; ",In vitro evaluation and biodistribution of a 99mTc-labeled anti-VEGF peptide targeting neuropilin-1,Nuclear medicine and biology,31,5,575-581,2004,Elsevier
"Halder, JB; Zhao, X; Soker, S; Paria, BC; Klagsbrun, M; Das, SK; Dey, SK; ",Differential expression of VEGF isoforms and VEGF164‐specific receptor neuropilin‐1 in the mouse uterus suggests a role for VEGF164 in vascular permeability and angiogenesis during implantation,genesis,26,3,213-224,2000,Wiley Online Library
"Prud'homme, Gerald J; Glinka, Yelena; Lichner, Zsuzsanna; Yousef, George M; ",Neuropilin-1 is a receptor for extracellular miRNA and AGO2/miRNA complexes and mediates the internalization of miRNAs that modulate cell function,Oncotarget,7,42,68057,2016,"Impact Journals, LLC"
"Koch, Sina; van Meeteren, Laurens A; Morin, Eric; Testini, Chiara; Weström, Simone; Björkelund, Hanna; Le Jan, Sébastien; Adler, Jeremy; Berger, Philipp; Claesson-Welsh, Lena; ","NRP1 presented in trans to the endothelium arrests VEGFR2 endocytosis, preventing angiogenic signaling and tumor initiation",Developmental cell,28,6,633-646,2014,Elsevier
"Gluzman-Poltorak, Zoya; Cohen, Tzafra; Herzog, Yael; Neufeld, Gera; ","Neuropilin-2 and neuropilin-1 are receptors for the 165-amino acid form of vascular endothelial growth factor (VEGF) and of placenta growth factor-2, but only neuropilin-2 functions as a receptor for the 145-amino acid form of VEGF",Journal of biological chemistry,275,24,18040-18045,2000,ASBMB
"Mamluk, Roni; Gechtman, Ze'ev; Kutcher, Matthew E; Gasiunas, Nijole; Gallagher, John; Klagsbrun, Michael; ","Neuropilin-1 binds vascular endothelial growth factor 165, placenta growth factor-2, and heparin via its b1b2 domain",Journal of Biological Chemistry,277,27,24818-24825,2002,ASBMB
"Oh, Hideyasu; Takagi, Hitoshi; Otani, Atsushi; Koyama, Shinji; Kemmochi, Seiji; Uemura, Akiyoshi; Honda, Yoshihito; ",Selective induction of neuropilin-1 by vascular endothelial growth factor (VEGF): a mechanism contributing to VEGF-induced angiogenesis,Proceedings of the National Academy of Sciences,99,1,383-388,2002,National Acad Sciences
"Fuh, Germaine; Garcia, K Christopher; de Vos, Abraham M; ",The interaction of neuropilin-1 with vascular endothelial growth factor and its receptor flt-1,Journal of Biological Chemistry,275,35,26690-26695,2000,ASBMB
"Soker, Shay; Miao, Hua‐Quan; Nomi, Masashi; Takashima, Seiji; Klagsbrun, Michael; ",VEGF165 mediates formation of complexes containing VEGFR‐2 and neuropilin‐1 that enhance VEGF165‐receptor binding,Journal of cellular biochemistry,85,2,357-368,2002,Wiley Online Library
"Teesalu, Tambet; Sugahara, Kazuki N; Kotamraju, Venkata Ramana; Ruoslahti, Erkki; ","C-end rule peptides mediate neuropilin-1-dependent cell, vascular, and tissue penetration",Proceedings of the National Academy of Sciences,106,38,16157-16162,2009,National Acad Sciences
"Naderi, Shamsi; Roshan, Reyhaneh; Ghaderi, Hajarsadat; Behdani, Mahdi; Mahmoudi, Sara; Habibi-Anbouhi, Mahdi; Shokrgozar, Mohammad Ali; Kazemi-Lomedasht, Fatemeh; ",Selection and characterization of specific nanobody against neuropilin-1 for inhibition of angiogenesis,Molecular Immunology,128,,56-63,2020,Elsevier
"Auriau, Johanna; Roujeau, Clara; Choucair, Zakia Belaid; Oishi, Atsuro; Derviaux, Carine; Roux, Thomas; Trinquet, Eric; Hermine, Olivier; Jockers, Ralf; Dam, Julie; ",Gain of affinity for VEGF165 binding within the VEGFR2/NRP1 cellular complex detected by an HTRF-based binding assay,Biochemical Pharmacology,158,,45-59,2018,Elsevier
"Nakamura, Fumio; Goshima, Yoshio; ",Structural and functional relation of neuropilins,Neuropilin: From Nervous System to Vascular and Tumor Biology,,,55-69,2002,Springer
"Miao, Hua-Quan; Klagsbrun, Michael; ",Neuropilin is a mediator of angiogenesis,Cancer and Metastasis Reviews,19,,29-37,2000,Springer
"Tirand, Loraine; Frochot, Céline; Vanderesse, Régis; Thomas, Noémie; Trinquet, Eric; Pinel, Sophie; Viriot, Marie-Laure; Guillemin, François; Barberi-Heyob, Muriel; ",A peptide competing with VEGF165 binding on neuropilin-1 mediates targeting of a chlorin-type photosensitizer and potentiates its photodynamic activity in human endothelial cells,Journal of Controlled Release,111,1-2,153-164,2006,Elsevier
"Shintani, Yasunori; Takashima, Seiji; Asano, Yoshihiro; Kato, Hisakazu; Liao, Yulin; Yamazaki, Satoru; Tsukamoto, Osamu; Seguchi, Osamu; Yamamoto, Hiroyuki; Fukushima, Tomi; ",Glycosaminoglycan modification of neuropilin‐1 modulates VEGFR2 signaling,The EMBO journal,25,13,3045-3055,2006,"John Wiley & Sons, Ltd Chichester, UK"
"Zhang, Ling; Parry, Graham C; Levin, Eugene G; ","Inhibition of tumor cell migration by LD22-4, an N-terminal fragment of 24-kDa FGF2, is mediated by Neuropilin 1",Cancer research,73,11,3316-3325,2013,AACR
"Geretti, Elena; Shimizu, Akio; Klagsbrun, Michael; ",Neuropilin structure governs VEGF and semaphorin binding and regulates angiogenesis,Angiogenesis,11,,31-39,2008,Springer
"Pan, Qi; Chanthery, Yvan; Liang, Wei-Ching; Stawicki, Scott; Mak, Judy; Rathore, Nisha; Tong, Raymond K; Kowalski, Joe; Yee, Sharon Fong; Pacheco, Glenn; ",Blocking neuropilin-1 function has an additive effect with anti-VEGF to inhibit tumor growth,Cancer cell,11,1,53-67,2007,Elsevier
"Cackowski, Frank C; Xu, Li; Hu, Bo; Cheng, Shi-Yuan; ",Identification of two novel alternatively spliced Neuropilin-1 isoforms,Genomics,84,1,82-94,2004,Elsevier
"Geretti, Elena; Shimizu, Akio; Kurschat, Peter; Klagsbrun, Michael; ","Site-directed mutagenesis in the B-neuropilin-2 domain selectively enhances its affinity to VEGF165, but not to semaphorin 3F",Journal of Biological Chemistry,282,35,25698-25707,2007,ASBMB
"Peach, Chloe; Kilpatrick, Laura; Friedman-Ohana, Rachel; Robers, Matt; Woolard, Jeanette; Hill, Steve; ",Quantifying VEGF binding at VEGFR2 and Neuropilin-1 using NanoBRET,Proceedings for Annual Meeting of The Japanese Pharmacological Society WCP2018 (The 18th World Congress of Basic and Clinical Pharmacology),,,PO1-8-10,2018,Japanese Pharmacological Society
"Baek, Du-San; Kim, Jeong-Ho; Kim, Ye-Jin; Kim, Yong-Sung; ",Immunoglobulin Fc-fused peptide without C-terminal Arg or Lys residue augments neuropilin-1-dependent tumor vascular permeability,Molecular pharmaceutics,15,2,394-402,2018,ACS Publications
"Pellet-Many, Caroline; Frankel, Paul; Jia, Haiyan; Zachary, Ian; ","Neuropilins: structure, function and role in disease",Biochemical Journal,411,2,211-226,2008,Portland Press Ltd.
"Kilpatrick, Laura; Robers, Matt; Friedman‐Ohana, Rachel; Zimmerman, Kris; Woolard, Jeanette; Hill, Stephen; ",Use of Bioluminescence Resonance Energy Transfer (BRET) And Fluorescent Vascular Endothelial Growth Factor (VEGF) Isoforms To Characterize The Molecular Pharmacology Of Neuropilin‐1 Receptors In Living HEK293 Cells,The FASEB Journal,31,,lb551-lb551,2017,Wiley Online Library
"Kawamura, Harukiyo; Li, Xiujuan; Harper, Steven J; Bates, David O; Claesson-Welsh, Lena; ",Vascular endothelial growth factor (VEGF)-A165b is a weak in vitro agonist for VEGF receptor-2 due to lack of coreceptor binding and deficient regulation of kinase activity,Cancer Research,68,12,4683-4692,2008,AACR
"Allain, Barbara; Jarray, Rafika; Borriello, Lucia; Leforban, Bertrand; Dufour, Sylvie; Liu, Wang-qing; Pamonsinlapatham, Perayot; Bianco, Sara; Larghero, Jérôme; Hadj-Slimane, Réda; ","Neuropilin-1 regulates a new VEGF-induced gene, Phactr-1, which controls tubulogenesis and modulates lamellipodial dynamics in human endothelial cells",Cellular signalling,24,1,214-223,2012,Elsevier
"Masłowska, Katarzyna; Witkowska, Ewa; Tymecka, Dagmara; Halik, Paweł Krzysztof; Misicka, Aleksandra; Gniazdowska, Ewa; ","Synthesis, Physicochemical and Biological Study of Gallium-68-and Lutetium-177-Labeled VEGF-A165/NRP-1 Complex Inhibitors Based on Peptide A7R and Branched Peptidomimetic",Pharmaceutics,14,1,100,2022,MDPI
"Tokunaga, Yuko; Yamazaki, Yasuo; Morita, Takashi; ",Localization of heparin-and neuropilin-1-recognition sites of viral VEGFs,Biochemical and biophysical research communications,348,3,957-962,2006,Elsevier
"Puszko, Anna K; Sosnowski, Piotr; Tymecka, Dagmara; Raynaud, Françoise; Hermine, Olivier; Lepelletier, Yves; Misicka, Aleksandra; ","Neuropilin-1 peptide-like ligands with proline mimetics, tested using the improved chemiluminescence affinity detection method",MedChemComm,10,2,332-340,2019,Royal Society of Chemistry
"Lanahan, Anthony; Zhang, Xi; Fantin, Alessandro; Zhuang, Zhen; Rivera-Molina, Felix; Speichinger, Katherine; Prahst, Claudia; Zhang, Jiasheng; Wang, Yingdi; Davis, George; ",The neuropilin 1 cytoplasmic domain is required for VEGF-A-dependent arteriogenesis,Developmental cell,25,2,156-168,2013,Elsevier
"Gerhardt, Holger; Ruhrberg, Christiana; Abramsson, Alexandra; Fujisawa, Hajime; Shima, David; Betsholtz, Christer; ",Neuropilin‐1 is required for endothelial tip cell guidance in the developing central nervous system,Developmental dynamics: an official publication of the American Association of Anatomists,231,3,503-509,2004,Wiley Online Library
"Puszko, Anna K; Sosnowski, Piotr; Raynaud, Françoise; Hermine, Olivier; Hopfgartner, Gérard; Lepelletier, Yves; Misicka, Aleksandra; ",Does cysteine rule (CysR) complete the CendR principle? Increase in affinity of peptide ligands for NRP-1 through the presence of N-terminal cysteine,Biomolecules,10,3,448,2020,MDPI
"Colotti, Gianni; Failla, Cristina Maria; Lacal, Pedro Miguel; Ungarelli, Mariangela; Ruffini, Federica; Di Micco, Patrizio; Orecchia, Angela; Morea, Veronica; ",Neuropilin‐1 is required for endothelial cell adhesion to soluble vascular endothelial growth factor receptor 1,The FEBS Journal,289,1,183-198,2022,Wiley Online Library
"Glinka, Yelena; Prud’homme, Gerald J; ","Neuropilin-1 is a receptor for transforming growth factor β-1, activates its latent form, and promotes regulatory T cell activity",Journal of Leucocyte Biology,84,1,302-310,2008,Oxford University Press
"Peach, Chloe J; Kilpatrick, Laura E; Woolard, Jeanette; Hill, Stephen J; ",Use of NanoBiT and NanoBRET to monitor fluorescent VEGF‐A binding kinetics to VEGFR2/NRP1 heteromeric complexes in living cells,British Journal of Pharmacology,178,12,2393-2411,2021,Wiley Online Library
"Puszko, Anna K; Sosnowski, Piotr; Rignault-Bricard, Rachel; Hermine, Olivier; Hopfgartner, Gérard; Pułka-Ziach, Karolina; Lepelletier, Yves; Misicka, Aleksandra; ",Urea-peptide hybrids as VEGF-A165/NRP-1 complex inhibitors with improved receptor affinity and biological properties,International Journal of Molecular Sciences,22,1,72,2020,MDPI
"Neufeld, Gera; Kessler, Ofra; Herzog, Yael; ",The interaction of Neuropilin-1 and Neuropilin-2 with tyrosine-kinase receptors for VEGF,Neuropilin: From Nervous System to Vascular and Tumor Biology,,,81-90,2002,Springer
"Tillo, Miguel; Erskine, Lynda; Cariboni, Anna; Fantin, Alessandro; Joyce, Andy; Denti, Laura; Ruhrberg, Christiana; ",VEGF189 binds NRP1 and is sufficient for VEGF/NRP1-dependent neuronal patterning in the developing brain,Development,142,2,314-319,2015,The Company of Biologists
"Makinen, Taija; Olofsson, Birgitta; Karpanen, Terhi; Hellman, Ulf; Soker, Shay; Klagsbrun, Michael; Eriksson, Ulf; Alitalo, Kari; ",Differential binding of vascular endothelial growth factor B splice and proteolytic isoforms to neuropilin-1,Journal of Biological Chemistry,274,30,21217-21222,1999,ASBMB
"Sulpice, Eric; Plouët, Jean; Bergé, Mathieu; Allanic, David; Tobelem, Gérard; Merkulova-Rainon, Tatyana; ","Neuropilin-1 and neuropilin-2 act as coreceptors, potentiating proangiogenic activity","Blood, The Journal of the American Society of Hematology",111,4,2036-2045,2008,"American Society of Hematology Washington, DC"
"Kawamura, Harukiyo; Li, Xiujuan; Goishi, Katsutoshi; van Meeteren, Laurens A; Jakobsson, Lars; Cébe-Suarez, Stéphanie; Shimizu, Akio; Edholm, Dan; Ballmer-Hofer, Kurt; Kjellén, Lena; ",Neuropilin-1 in regulation of VEGF-induced activation of p38MAPK and endothelial cell organization,"Blood, The Journal of the American Society of Hematology",112,9,3638-3649,2008,"American Society of Hematology Washington, DC"
"Mota, Filipa; Yelland, Tamas; Hutton, Jennie A; Parker, Jennifer; Patsiarika, Anastasia; Chan, AW Edith; O'Leary, Andrew; Fotinou, Constantina; Martin, John F; Zachary, Ian C; ",Peptides Derived from Vascular Endothelial Growth Factor B Show Potent Binding to Neuropilin‐1,ChemBioChem,23,1,e202100463,2022,Wiley Online Library
"Mota, Filipa; Fotinou, Constantina; Rana, Rohini R; Chan, AW Edith; Yelland, Tamas; Arooz, Mohamed T; O'Leary, Andrew P; Hutton, Jennie; Frankel, Paul; Zachary, Ian; ",Architecture and hydration of the arginine‐binding site of neuropilin‐1,The FEBS journal,285,7,1290-1304,2018,Wiley Online Library
"Roth, Lise; Prahst, Claudia; Ruckdeschel, Tina; Savant, Soniya; Weström, Simone; Fantin, Alessandro; Riedel, Maria; Héroult, Mélanie; Ruhrberg, Christiana; Augustin, Hellmut G; ",Neuropilin-1 mediates vascular permeability independently of vascular endothelial growth factor receptor-2 activation,Science signaling,9,425,ra42-ra42,2016,American Association for the Advancement of Science
"Puszko, Anna K; Sosnowski, Piotr; Pułka-Ziach, Karolina; Hermine, Olivier; Hopfgartner, Gérard; Lepelletier, Yves; Misicka, Aleksandra; ",Urea moiety as amide bond mimetic in peptide-like inhibitors of VEGF-A165/NRP-1 complex,Bioorganic & medicinal chemistry letters,29,17,2493-2497,2019,Elsevier
"Vintonenko, Nadejda; Pelaez-Garavito, Irma; Buteau-Lozano, Hélène; Toullec, Aurore; Lidereau, Rosette; Perret, Gérard Yves; Bièche, Ivan; Perrot-Applanat, Martine; ",Overexpression of VEGF189 in breast cancer cells induces apoptosis via NRP1 under stress conditions,Cell Adhesion & Migration,5,4,332-343,2011,Taylor & Francis
"Soker, Shay; ",Neuropilin in the midst of cell migration and retraction,The International Journal of Biochemistry & Cell Biology,33,4,433-437,2001,Elsevier
"Marcus, Karen; Johnson, Michelle; Adam, Rosalyn M; O'Reilly, Michael S; Donovan, Michael; Atala, Anthony; Freeman, Michael R; Soker, Shay; ",Tumor cell‐associated neuropilin‐1 and vascular endothelial growth factor expression as determinants of tumor growth in neuroblastoma,Neuropathology,25,3,178-187,2005,Wiley Online Library
"Chen, Changyi; Li, Min; Chai, Hong; Yang, Hui; Fisher, William E; Yao, Qizhi; ","Roles of neuropilins in neuronal development, angiogenesis, and cancers",World journal of surgery,29,,271-275,2005,Springer
"Cao, Sheng; Yaqoob, Usman; Das, Amitava; Shergill, Uday; Jagavelu, Kumaravelu; Huebert, Robert C; Routray, Chittaranjan; Abdelmoneim, Soha; Vasdev, Meher; Leof, Edward; ",Neuropilin-1 promotes cirrhosis of the rodent and human liver by enhancing PDGF/TGF-β signaling in hepatic stellate cells,The Journal of clinical investigation,120,7,2379-2394,2010,Am Soc Clin Investig
"Liang, Wei-Ching; Dennis, Mark S; Stawicki, Scott; Chanthery, Yvan; Pan, Qi; Chen, Yongmei; Eigenbrot, Charles; Yin, JianPing; Koch, Alexander W; Wu, Xiumin; ",Function blocking antibodies to neuropilin-1 generated from a designed human synthetic antibody phage library,Journal of molecular biology,366,3,815-829,2007,Elsevier
"Broholm, H; Laursen, H; ",Vascular endothelial growth factor (VEGF) receptor neuropilin‐1's distribution in astrocytic tumors,Apmis,112,4‐5,257-263,2004,Wiley Online Library
"Farkas, Sándor; Cioca, Daniel; Murányi, József; Hornyák, Péter; Brunyánszki, Attila; Szekér, Patrik; Boros, Eszter; Horváth, Patrik; Hujber, Zoltán; Rácz, Gábor Z; ",Chlorotoxin binds to both matrix metalloproteinase 2 and neuropilin 1,Journal of Biological Chemistry,,,104998,2023,Elsevier
"Moutal, Aubin; Martin, Laurent F; Boinon, Lisa; Gomez, Kimberly; Ran, Dongzhi; Zhou, Yuan; Stratton, Harrison J; Cai, Song; Luo, Shizhen; Gonzalez, Kerry Beth; ",SARS-CoV-2 spike protein co-opts VEGF-A/neuropilin-1 receptor signaling to induce analgesia,Pain,162,1,243,2021,Wolters Kluwer Health
"Giraudo, Enrico; Primo, Luca; Audero, Enrica; Gerber, Hans-Peter; Koolwijk, Pieter; Soker, Shay; Klagsbrun, Michael; Ferrara, Napoleone; Bussolino, Federico; ",Tumor necrosis factor-α regulates expression of vascular endothelial growth factor receptor-2 and of its co-receptor neuropilin-1 in human vascular endothelial cells,Journal of Biological Chemistry,273,34,22128-22135,1998,ASBMB
"Gelfand, Maria V; Hagan, Nellwyn; Tata, Aleksandra; Oh, Won-Jong; Lacoste, Baptiste; Kang, Kyu-Tae; Kopycinska, Justyna; Bischoff, Joyce; Wang, Jia-Huai; Gu, Chenghua; ",Neuropilin-1 functions as a VEGFR2 co-receptor to guide developmental angiogenesis independent of ligand binding,Elife,3,,e03720,2014,"eLife Sciences Publications, Ltd"
"Plein, Alice; Fantin, Alessandro; Ruhrberg, Christiana; ","Neuropilin regulation of angiogenesis, arteriogenesis, and vascular permeability",Microcirculation,21,4,315-323,2014,Wiley Online Library
"Schuch, Gunter; Machluf, Marcelle; Bartsch Jr, Georg; Nomi, Masashi; Richard, Henri; Atala, Anthony; Soker, Shay; ","In vivo administration of vascular endothelial growth factor (VEGF) and its antagonist, soluble neuropilin-1, predicts a role of VEGF in the progression of acute myeloid leukemia in vivo","Blood, The Journal of the American Society of Hematology",100,13,4622-4628,2002,"American Society of Hematology Washington, DC"
"Klagsbrun, Michael; Takashima, Seiji; Mamluk, Roni; ",The role of neuropilin in vascular and tumor biology,Neuropilin: From Nervous System to Vascular and Tumor Biology,,,33-48,2002,Springer
"Liu, Wang-Qing; Borriello, Lucia; Allain, Barbara; Pavoni, Serena; Lopez, Nicolas; Hermine, Olivier; Garbay, Christiane; Raynaud, Françoise; Lepelletier, Yves; Demange, Luc; ",New Peptides Structurally Related to VEGF-A 165 Exon-7 and-8 Encoded Domains Antagonize Its Binding to NRP-1 and VEGF-R1,International Journal of Peptide Research and Therapeutics,21,,117-124,2015,Springer
"Vempati, Prakash; Popel, Aleksander S; Mac Gabhann, Feilim; ","Extracellular regulation of VEGF: isoforms, proteolysis, and vascular patterning",Cytokine & growth factor reviews,25,1,1-19,2014,Elsevier
"Xin, Yan; Bai, Shuang; Damico-Beyer, Lisa A; Jin, Denise; Liang, Wei-Ching; Wu, Yan; Theil, Frank-Peter; Joshi, Amita; Lu, Yanmei; Lowe, John; ","Anti-neuropilin-1 (MNRP1685A): unexpected pharmacokinetic differences across species, from preclinical models to humans",Pharmaceutical research,29,,2512-2521,2012,Springer
"Pellet-Many, Caroline; Frankel, Paul; Evans, Ian M; Herzog, Birger; Jünemann-Ramírez, Manfred; Zachary, Ian C; ",Neuropilin-1 mediates PDGF stimulation of vascular smooth muscle cell migration and signalling via p130Cas,Biochemical Journal,435,3,609-618,2011,Portland Press Ltd.
"Gu, Chenghua; Limberg, Brian J; Whitaker, G Brian; Perman, Ben; Leahy, Daniel J; Rosenbaum, Jan S; Ginty, David D; Kolodkin, Alex L; ",Characterization of neuropilin-1 structural features that confer binding to semaphorin 3A and vascular endothelial growth factor 165,Journal of Biological Chemistry,277,20,18069-18076,2002,ASBMB
"Dou, Xiaofeng; Yan, Jianghua; Zhang, Yafei; Liu, Peng; Jiang, Yizhen; Lv, Sha; Zeng, Fanwei; Chen, Xiaoli; Wang, Shengyu; Zhang, Haipeng; ",SPECT imaging of neuropilin receptor type-1 expression with 131I-labeled monoclonal antibody,International Journal of Oncology,49,3,961-970,2016,Spandidos Publications
"Staton, CA; Kumar, I; Reed, MWR; Brown, NJ; ",Neuropilins in physiological and pathological angiogenesis,The Journal of Pathology: A Journal of the Pathological Society of Great Britain and Ireland,212,3,237-248,2007,Wiley Online Library
"Ortéga, Nathalie; Hutchings, Helen; Plouët, Jean; ",Signal relays in the VEGF system,Front Biosci,4,3,141-52,1999,
"Evans, Ian M; Yamaji, Maiko; Britton, Gary; Pellet-Many, Caroline; Lockie, Claire; Zachary, Ian C; Frankel, Paul; ",Neuropilin-1 signaling through p130Cas tyrosine phosphorylation is essential for growth factor-dependent migration of glioma and endothelial cells,Molecular and cellular biology,31,6,1174-1185,2011,Taylor & Francis
"Dumond, Aurore; Pagès, Gilles; ","Neuropilins, as relevant oncology target: Their role in the tumoral microenvironment",Frontiers in Cell and Developmental Biology,8,,662,2020,Frontiers Media SA
"Krilleke, D; Ng, YS; Shima, DT; ",Mutational Analysis of the Heparin–and Neuropilin–1–Binding Domains of VEGF164,Investigative Ophthalmology & Visual Science,46,13,1362-1362,2005,The Association for Research in Vision and Ophthalmology
"Rossignol, Mireille; Gagnon, Michael L; Klagsbrun, Michael; ",Genomic organization of human neuropilin-1 and neuropilin-2 genes: identification and distribution of splice variants and soluble isoforms,Genomics,70,2,211-222,2000,Elsevier
"Parikh, Alexander A; Liu, Wen Biao; Fan, Fan; Stoeltzing, Oliver; Reinmuth, Niels; Bruns, Christiane J; Bucana, Corazon D; Evans, Douglas B; Ellis, Lee M; ",Expression and regulation of the novel vascular endothelial growth factor receptor neuropilin‐1 by epidermal growth factor in human pancreatic carcinoma,Cancer: Interdisciplinary International Journal of the American Cancer Society,98,4,720-729,2003,Wiley Online Library
"Narazaki, Masashi; Segarra, Marta; Hou, Xu; Tanaka, Toshio; Li, Xuri; Tosato, Giovanna; ",Oligo-guanosine nucleotide induces neuropilin-1 internalization in endothelial cells and inhibits angiogenesis,"Blood, The Journal of the American Society of Hematology",116,16,3099-3107,2010,"American Society of Hematology Washington, DC"
"Jia, Haiyan; Lohr, Marianne; Jezequel, Sylvie; Davis, Dana; Shaikh, Shaheda; Selwood, David; Zachary, Ian; ",Cysteine-rich and basic domain HIV-1 Tat peptides inhibit angiogenesis and induce endothelial cell apoptosis,Biochemical and biophysical research communications,283,2,469-479,2001,Elsevier
"Koch, Sina; ",Neuropilin signalling in angiogenesis,Biochemical society transactions,40,1,20-25,2012,Portland Press Ltd.
"Karami, Elmira; Naderi, Shamsi; Roshan, Reyhaneh; Behdani, Mahdi; Kazemi-Lomedasht, Fatemeh; ",Targeted therapy of angiogenesis using anti-VEGFR2 and anti-NRP-1 nanobodies,Cancer Chemotherapy and Pharmacology,,,1-8,2022,Springer
"MacDonald, Douglas A; Martin, Joel; Muthusamy, Kathir K; Luo, Jiann-Kae; Pyles, Erica; Rafique, Ashique; Huang, Tammy; Potocky, Terra; Liu, Yang; Cao, Jingtai; ",Aflibercept exhibits VEGF binding stoichiometry distinct from bevacizumab and does not support formation of immune-like complexes,Angiogenesis,19,,389-406,2016,Springer
"Bielenberg, Diane R; Pettaway, Curtis A; Takashima, Seiji; Klagsbrun, Michael; ","Neuropilins in neoplasms: expression, regulation, and function",Experimental cell research,312,5,584-593,2006,Elsevier
"Barr, Martin P; Byrne, Anne Marie; Duffy, Angela M; Condron, Claire M; Devocelle, Marc; Harriott, Patrick; Bouchier-Hayes, David J; Harmey, Judith H; ",A peptide corresponding to the neuropilin-1-binding site on VEGF165 induces apoptosis of neuropilin-1-expressing breast tumour cells,British journal of cancer,92,2,328-333,2005,Nature Publishing Group
"Miao, Hua‐Quan; Lee, Percy; Lin, Hank; Soker, Shay; Klagsbrun, Michael; ",Neuropilin‐1 expression by tumor cells promotes tumor angiogenesis and progression,The FASEB journal,14,15,2532-2539,2000,Wiley Online Library
"Battin, Claire; De Sousa Linhares, Annika; Paster, Wolfgang; Isenman, David E; Wahrmann, Markus; Leitner, Judith; Zlabinger, Gerhard J; Steinberger, Peter; Hofer, Johannes; ",Neuropilin-1 acts as a receptor for complement split products,Frontiers in Immunology,10,,2209,2019,Frontiers Media SA
"Nakamura, Fumio; Kalb, Robert G; Strittmatter, Stephen M; ",Molecular basis of semaphorin‐mediated axon guidance,Journal of neurobiology,44,2,219-229,2000,Wiley Online Library
"Vander Kooi, Craig W; Jusino, Manuel A; Perman, Benjamin; Neau, David B; Bellamy, Henry D; Leahy, Daniel J; ",Structural basis for ligand and heparin binding to neuropilin B domains,Proceedings of the National Academy of Sciences,104,15,6152-6157,2007,National Acad Sciences
"Gaur, Puja; Bielenberg, Diane R; Samuel, Shaija; Bose, Debashish; Zhou, Yunfei; Gray, Michael J; Dallas, Nikolaos A; Fan, Fan; Xia, Ling; Lu, Jia; ",Role of class 3 semaphorins and their receptors in tumor growth and angiogenesis,Clinical cancer research,15,22,6763-6770,2009,AACR
"Wu, Ming-Heng; Chen, Yuh-Ling; Lee, Kuen-Haur; Chang, Che-Chang; Cheng, Tsai-Mu; Wu, Szu-Yuan; Tu, Chao-Chiang; Tsui, Wan-Lin; ",Glycosylation-dependent galectin-1/neuropilin-1 interactions promote liver fibrosis through activation of TGF-β-and PDGF-like signals in hepatic stellate cells,Scientific reports,7,1,11006,2017,Nature Publishing Group UK London
"Kohno, Takao; Ishii, Keisuke; Hirota, Yuki; Honda, Takao; Makino, Makoto; Kawasaki, Takahiko; Nakajima, Kazunori; Hattori, Mitsuharu; ",Reelin-Nrp1 interaction regulates neocortical dendrite development in a context-specific manner,Journal of Neuroscience,40,43,8248-8261,2020,Soc Neuroscience
"Xin, Hong; Zhong, Cuiling; Nudleman, Eric; Ferrara, Napoleone; ",Evidence for pro-angiogenic functions of VEGF-Ax,Cell,167,1,275-284. e6,2016,Elsevier
"Muthusamy, Arivalagan; Cooper, Carlton R; Gomes, Ronald R; ",Soluble perlecan domain I enhances vascular endothelial growth factor-165 activity and receptor phosphorylation in human bone marrow endothelial cells,BMC biochemistry,11,1,1-13,2010,BioMed Central
"Yoshida, Ayumi; Shimizu, Akio; Asano, Hirotsugu; Kadonosono, Tetsuya; Kondoh, Shinae Kizaka; Geretti, Elena; Mammoto, Akiko; Klagsbrun, Michael; Seo, Misuzu Kurokawa; ",VEGF-A/NRP1 stimulates GIPC1 and Syx complex formation to promote RhoA activation and proliferation in skin cancer cells,Biology open,4,9,1063-1076,2015,The Company of Biologists
"Marwick, John A; Stevenson, Christopher S; Giddings, June; MacNee, William; Butler, Keith; Rahman, Irfan; Kirkham, Paul A; ",Cigarette smoke disrupts VEGF165-VEGFR-2 receptor signaling complex in rat lungs and patients with COPD: morphological impact of VEGFR-2 inhibition,American Journal of Physiology-Lung Cellular and Molecular Physiology,290,5,L897-L908,2006,American Physiological Society
"Kokolakis, G; Mikelis, C; Papadimitriou, E; Courty, J; Karetsou, E; Katsoris, P; ",Effect of heparin affin regulatory peptide on the expression of vascular endothelial growth factor receptors in endothelial cells,in vivo,20,5,629-635,2006,International Institute of Anticancer Research
"Sodhi, Akrit; Ma, Tao; Menon, Deepak; Deshpande, Monika; Jee, Kathleen; Dinabandhu, Aumreetam; Vancel, Jordan; Lu, Daoyuan; Montaner, Silvia; ",Angiopoietin-like 4 binds neuropilins and cooperates with VEGF to induce diabetic macular edema,The Journal of Clinical Investigation,129,11,4593-4608,2019,Am Soc Clin Investig
"Fischer, Silvia; Nishio, Miwako; Peters, Saskia C; Tschernatsch, Marlene; Walberer, Maureen; Weidemann, Susanne; Heidenreich, Regina; Couraud, Pierre O; Weksler, Babette B; Romero, Ignacio A; ",Signaling mechanism of extracellular RNA in endothelial cells,The FASEB Journal,23,7,2100-2109,2009,Wiley Online Library
"Underlined, Surnames; Wu, Florence TH; Stefanini, Marianne O; Mac Gabhann, Feilim; Kontos, Christopher D; Annex, Brian H; Popel, Aleksander S; ",A computational kinetic model of VEGF trapping by soluble VEGF receptor-1: Effects of,J. Biol. Chem,281,6,3604-3613,2006,
"Kadonosono, Tetsuya; Yamano, Akihiro; Goto, Toshiki; Tsubaki, Takuya; Niibori, Mizuho; Kuchimaru, Takahiro; Kizaka-Kondoh, Shinae; ",Cell penetrating peptides improve tumor delivery of cargos through neuropilin-1-dependent extravasation,Journal of Controlled Release,201,,14-21,2015,Elsevier
"Kusunoki, Hideki; Tanaka, Toshiyuki; Kohno, Toshiyuki; Matsuhashi, Kazuhiko; Hosoda, Kazuo; Wakamatsu, Kaori; Hamaguchi, Isao; ",A novel neuropilin-1–binding sequence in the human T-cell lymphotropic virus type 1 envelope glycoprotein,Biochimica et Biophysica Acta (BBA)-Proteins and Proteomics,1866,4,541-548,2018,Elsevier
"Banerjee, SUSHANTA K; Zoubine, MIKHAIL N; Tran, TRANG M; Weston, ALLAN P; Campbell, DONALD R; ",Overexpression of vascular endothelial growth factor164 and its co-receptor neuropilin-1 in estrogen-induced rat pituitary tumors and GH3 rat pituitary tumor cells.,International journal of oncology,16,2,253-313,2000,Spandidos Publications
"Soker, Shay; Fidder, Herman; Neufeld, Gera; Klagsbrun, Michael; ",Characterization of novel vascular endothelial growth factor (VEGF) receptors on tumor cells that bind VEGF165 via its exon 7-encoded domain,Journal of Biological Chemistry,271,10,5761-5767,1996,ASBMB
"Parker, Matthew W; Hellman, Lance M; Xu, Ping; Fried, Michael G; Vander Kooi, Craig W; ",Furin processing of semaphorin 3F determines its anti-angiogenic activity by regulating direct binding and competition for neuropilin,Biochemistry,49,19,4068-4075,2010,ACS Publications
"Sack, Kelsey D; Teran, Madelane; Nugent, Matthew A; ",Extracellular matrix stiffness controls VEGF signaling and processing in endothelial cells,Journal of cellular physiology,231,9,2026-2039,2016,Wiley Online Library
"Aloui, Zohra; Hoos, Sylviane; Geretti, Elena; Kharmachi, Habib; Haumont, Pierre Yves; Mejdoub, Hafedh; Klagsbrun, Michael; England, Patrick; Gasmi, Ammar; ",Novel svVEGF isoforms from Macrovipera lebetina venom interact with neuropilins,Biochemical and biophysical research communications,389,1,10-15,2009,Elsevier
"Mamer, Spencer Bruce; ",Discovering angiogenic cell signaling landscapes: Quantitative mapping through experiment and computation,,,,,2019,
"Eswarappa, Sandeepa M; Potdar, Alka A; Koch, William J; Fan, Yi; Vasu, Kommireddy; Lindner, Daniel; Willard, Belinda; Graham, Linda M; DiCorleto, Paul E; Fox, Paul L; ",Programmed translational readthrough generates antiangiogenic VEGF-Ax,Cell,157,7,1605-1618,2014,Elsevier
"Chiodelli, Paola; Mitola, Stefania; Ravelli, Cosetta; Oreste, Pasqua; Rusnati, Marco; Presta, Marco; ",Heparan sulfate proteoglycans mediate the angiogenic activity of the vascular endothelial growth factor receptor-2 agonist gremlin,"Arteriosclerosis, thrombosis, and vascular biology",31,12,e116-e127,2011,Am Heart Assoc
"Lim, Dong-Kwon; Wylie, Ryan G; Langer, Robert; Kohane, Daniel S; ",Selective binding of C-6 OH sulfated hyaluronic acid to the angiogenic isoform of VEGF165,Biomaterials,77,,130-138,2016,Elsevier
"Ye, Xiaoqing; Gaucher, Jean-François; Vidal, Michel; Broussy, Sylvain; ",A structural overview of vascular endothelial growth factors pharmacological ligands: From macromolecules to designed peptidomimetics,Molecules,26,22,6759,2021,MDPI
"Andriessen, Elisabeth MMA; Binet, François; Fournier, Frédérik; Hata, Masayuki; Dejda, Agnieszka; Mawambo, Gaëlle; Crespo‐Garcia, Sergio; Pilon, Frédérique; Buscarlet, Manuel; Beauchemin, Karine; ",Myeloid‐resident neuropilin‐1 promotes choroidal neovascularization while mitigating inflammation,EMBO molecular medicine,13,5,e11754,2021,
"Hervé, Marie-Astrid; Buteau-Lozano, Hélène; Vassy, Roger; Bieche, Ivan; Velasco, Guillaume; Pla, Marika; Perret, Gérard; Mourah, Samia; Perrot-Applanat, Martine; ",Overexpression of vascular endothelial growth factor 189 in breast cancer cells leads to delayed tumor uptake with dilated intratumoral vessels,The American journal of pathology,172,1,167-178,2008,Elsevier
"Seerapu, Himabindu Reddy; Borthakur, Susmita; Kong, Nathan; Agrawal, Sudesh; Drazba, Judy; Vasanji, Amit; Fantin, Alessandro; Ruhrberg, Christiana; Buck, Matthias; Horowitz, Arie; ",The cytoplasmic domain of neuropilin-1 regulates focal adhesion turnover,FEBS letters,587,21,3392-3399,2013,Elsevier
"Pimková, Kristýna; Bocková, Markéta; Hegnerová, Kateřina; Suttnar, Jiří; Čermák, Jaroslav; Homola, Jiří; Dyr, Jan E; ",Surface plasmon resonance biosensor for the detection of VEGFR-1—a protein marker of myelodysplastic syndromes,Analytical and bioanalytical chemistry,402,,381-387,2012,Springer
